穴名,部位代碼,部位,身體分區,穴號,取穴定位,針法,主治關鍵字,董楊思維,備註,穴位圖,詳細筆記,頁碼
大間穴,一一,一一部位,手指穴位,圖1-8,食指第一節正中央偏向大指外開三分。；平臥或正坐、手心向上、取食指第 一節中央偏向大指三分是穴。；本穴位於食指陰掌第一節 B線，在食指第一節之正中央，與中間穴平 圖1-8 大間穴、小間穴 行。針人一分至三分。,針一分至二分治心臟病變，針二 至三分治小腸病、疝氣及膝痛。左病取右、 右病取左。,"心臟病,膝蓋痛,小腸氣,疝氣,眼角痛,睪丸墜痛,睪丸炎,腮腺炎,前列腺炎,手指麻木",睪丸墜痛、睪丸炎、腮腺炎、對側手指麻木、前列腺炎。（按：此乃 維傑自己研究之補充發揮）,禁忌雙手取穴。,images/圖1-8_大間穴.jpg,notes/大間穴.md,32
小間穴,一一,一一部位,手指穴位,圖1-8,食指第一節外上方，距大間穴高二分。；平臥、手心向上、取食指第一節外上方，距大間穴上二分是穴。；本穴位於陰掌食指第一節B線，取穴採用四分點法，即以兩指 節距離之上1/4處取一穴。食指陰面第一節原有三穴，因下面之穴位不用，剩下 上面兩穴，取穴仍按四分點法，大間穴在中間，小間在兩指紋間之上四分之一。,五分針，針一分至二分治心肺病變，二分至二點五分治小腸氣、疝氣、 膝痛。,"支氣管炎,吐黃痰,胸部發悶,心跳,膝蓋痛,小腸氣,疝氣,眼角痛,腸炎,前列腺炎",腸炎、睪丸墜痛、前列腺炎。,禁忌雙手取穴。,,notes/小間穴.md,34
浮間穴,一一,一一部位,手指穴位,圖1-9,食指第二節中央外開二分。；食指第二節正中央線外開二分， 距第三節橫紋三分三處是穴。；本穴位於陰掌食指第二節 圖1-9 浮間穴、外間穴 之B線，取穴採用三分點法，在兩指紋距離之上三分之一為穴。,五分針，針二分至二點五分。,"疝氣,尿道炎,小腸氣,牙痛,胃痛,前列腺炎",前列腺炎。,禁忌雙手同時取穴。,images/圖1-9_浮間穴.jpg,notes/浮間穴.md,34
外間穴,一一,一一部位,手指穴位,圖1-9,食指第二節正中央線外開二分，距第三節橫紋六分六。；當食指第二節正中央線外開二分，距第三節橫紋六分六是穴。；浮間、外間兩穴均在陰掌（掌心）食指第二節之B線，取穴採用 三分點法，下穴為外間，上穴為浮間。,五分針，針二分至二點五分。,"疝氣,尿道炎,小腸氣,牙痛,胃痛,前列腺炎",前列腺炎。,禁忌雙手同時取穴。,,notes/外間穴.md,36
中間穴,一一,一一部位,手指穴位,圖1-10,食指第一節正中央。；當食指第二節正中央是穴。；中間穴位於陰掌食指第一 節正中央，即C線之中點。,五分針，針深一分至二分治心胸頭眼病，針二分半治疝氣及膝痛。 運用：治疝氣成方——外間、大間、小間、中間四穴同時用針為主治疝氣之特 效針。,"心悸,胸部發悶,膝蓋痛,頭暈,眼昏,疝氣,前列腺炎",治療前列腺炎。 按：以上諸穴目前用治前列腺炎甚多， 圖1-10 中間穴 較治疝氣機會為多。,禁忌兩手同時取穴。,images/圖1-10_中間穴.jpg,notes/中間穴.md,36
脾腫穴,一一,一一部位,手指穴位,圖1-12,在掌面中指第二節中央線。；當掌面中指第二節中央線上，距 第三節橫紋三分三一穴，六分六一穴，共 二穴。；脾腫穴位於陰掌中指第二 圖1-12 脾腫穴 節C線，計有二穴，取穴採用三分點法。,針深一分至二分。,"脾腫大,脾炎,脾硬化,呃逆",呃逆。,,images/圖1-12_脾腫穴.jpg,notes/脾腫穴.md,46
心常穴,一一,一一部位,手指穴位,圖1-13,在掌面中指第一節之中線外開二 分處。；當掌面中指第二節之中線向小指 側外開二分，距第二節橫紋三分三一穴，六 分六一穴，共二穴。；心常穴位於陰掌中指第一 圖1-13心常穴 節D線，計有二穴，取穴採用三分點法。,針深一分至二分。,"心跳,心臟病,心臟性風濕病,心律不齊,心跳過速,心臟擴大,心跳過慢",心律不齊、心跳過速、心臟擴大、心跳過慢。,,images/圖1-13_心常穴.jpg,notes/心常穴.md,46
三眼穴,一一,一一部位,手指穴位,圖1-14,在掌面無名指之內側。；當掌面無名指中央線之內開二 分，距第二節橫紋二分處是穴。；三眼穴位於陰掌無名指 B 線，此穴雖僅一穴，但不採二分點取穴，不取 圖1-14 三眼穴 中點，反取無名指第一節B線上1/3處。,針深二分至三分。,"補虛,功同足三里",功同足三里，取穴在1/3處，故以三名之。但穴在手指上肌肉薄，補虛效果略遜於足三里。,,images/圖1-14_三眼穴.jpg,notes/三眼穴.md,46
復原穴,一一,一一部位,手指穴位,圖1-15,在掌面無名指之中線外開二分處。；當掌面無名指之中央線外開二分直線之中點一穴，其上三分一穴，其 下三分一穴，共三穴。；復原穴位於陰掌無名指第 一節D線，計有三穴，採用四分點法取穴。 針深二分至三分。,針深半分。,"消骨頭脹大,指關節腫大,類風濕關節炎",無名指屬三焦經，透過「三焦與腎通」治骨病（腎主骨）；須針入抵骨行「以骨治骨」體應針法，配五虎穴治類風濕指關節腫大初期有效。,,images/圖1-15_復原穴.jpg,notes/復原穴.md,46
木炎穴,一一,一一部位,手指穴位,圖1-16,在掌面無名指第二節中央外開二分處。；在掌面無名指第二節中央線外開 二分，距第三節橫紋三分三一穴，六分六一 穴，共二穴。；木炎穴位於陰掌無名指第 二節D線，計二穴，取穴採用三分點法。針 深二分至三分。,針深半分。,"肝炎,肝腫大,肝硬化,口苦,易怒,煩躁,脅痛,失眠",口苦，易怒、煩躁、脅痛、失眠。,,images/圖1-16_木炎穴.jpg,notes/木炎穴.md,46
還巢穴,一一,一一部位,手指穴位,圖1-17,在無名指中節外側（靠近小指之側）正中央。；當無名指外側正中央點是穴。；還巢穴位於陰掌無名指第二節E線， 僅一穴，取穴採用二分點法，即無名指第二節靠近小指 之側黑白肉際中點。五分針，針二至三分。,五分針，針深一至三分。,"子宮痛,子宮瘤,子宮炎,月經不調,赤白帶下,輸卵管不通,子宮不正,安胎,不孕症,小便過多,陰門發腫",不孕症。,禁忌雙手同時取穴。,images/圖1-17_還巢穴.jpg,notes/還巢穴.md,46
眼黃穴,一一,一一部位,手指穴位,圖1-18,在掌面小指第二節之中央點。；當掌面小指第二節之中央點 是穴。；眼黃穴位於陰掌小指第二 節C線中央點上。五分針，針一分至二分。,針深半分。,"眼發黃,黃疸",穴在小腸經上，「脾與小腸通」能祛濕治黃；理同腕骨穴（歷代治黃疸第一要穴）；配肝門穴治急性黃疸；配上三黃治慢性黃疸。,,images/圖1-18_眼黃穴.jpg,notes/眼黃穴.md,50
火膝穴,一一,一一部位,手指穴位,圖1-19,在小指甲外側角後二分。；當小指甲外側角之後二分處 是穴。；火膝穴在小腸經上，即少 圖1-19 火溪穴 澤穴後一分。五分針，針一分至二分。,針深半分。,"膝蓋痛,關節炎,心臟性風濕病,痰迷心竅,精神病,肩臂不舉",肩臂不舉。,,images/圖1-19_火膝穴.jpg,notes/火膝穴.md,50
指腎穴,一一,一一部位,手指穴位,圖1-20,在無名指背第一節之外側。；當無名指第一節中央線外開二分 之中點一穴，其上三分一穴，其下三分一穴， 共三穴。；指腎穴位於陽掌無名指第 圖1-20 指腎穴 一節小側，計有三穴，取穴採用四分點法。五分針，針一分至二分。,針深半分。 運用：治背痛宜三針同下。,"口乾,腎虧,心臟衰弱,背痛",透過「三焦與腎通」治口乾腎虧；無名指屬少陽，少陽病提綱有口乾；與通腎穴主治類似，唯效略小；治背闊肌膏育穴附近疼痛。,,images/圖1-20_指腎穴.jpg,notes/指腎穴.md,50
指三重穴,一一,一一部位,手指穴位,圖1-21,在無名指中節之外側。；當無名指中節中央線外開二分之 中點一穴，其上三分一穴，其下三分一穴，共 三穴。；指三重位於陽掌無名指背 圖1-21 指三重穴 第二節小側，計有三穴，取穴採用四分點法。五分針，針一分至二分。,針深半分。,"驅風,顏面神經麻痺,乳腫大,肌肉萎縮,偏頭痛,頭頂痛,後項痛",偏頭痛、頭頂痛、後項痛。,,images/圖1-21_指三重穴.jpg,notes/指三重穴.md,50
心膝穴,一一,一一部位,手指穴位,圖1-24,在中指背第二節中央兩側。；當中指背第二節兩側之中央點共二穴。；心膝穴位於陽掌中指第二 節大側、小側之中央各一穴，取穴採用二分 點法。五分針，針一分至二分。,針深半分。,"膝蓋痛,肩腫痛,脊柱痛",脊柱痛。 圖1-24 心膝穴,,images/圖1-24_心膝穴.jpg,notes/心膝穴.md,54
肺心穴,一一,一一部位,手指穴位,圖1-25,在中指背第二節中央線。；當中指背第二節中央線，距上下 橫紋三分三各一穴，共二穴；肺心穴位於中指背第二節 中央線上，計二穴，取穴採用三分點法。皮 圖 1-25 肺心穴 下針從橈骨側緣向外小指方向橫刺。,橫針皮下半分。,"脊椎骨疼痛,脖頸痛,腰椎痛,尾椎痛,小腿脹痛",中指位於先天乾卦（督脈、肺）與後天離卦（心）之間，故名肺心；對應脊椎，治整個脊椎疼痛；少用於治肺心病，多用於脊椎痛；能強心治小腿脹痛。,,images/圖1-25_肺心穴.jpg,notes/肺心穴.md,54
木火穴,一一,一一部位,手指穴位,圖1-26,在中指背第三節橫紋中央。；當中指第三節橫紋中央點是穴。；當中指第三節橫紋中央點是穴，皮下針從橈骨側緣向外小指方 向橫刺。,橫針皮下半分。,"半身不遂,中風後遺症,四肢寒",四肢寒。,第一次限用五分鐘，五日後限用 三分鐘，又五日後限用一分鐘。時間及次數 均不可多用。,images/圖1-26_木火穴.jpg,notes/木火穴.md,54
指五金、指千金穴,一一,一一部位,手指穴位,圖1-27,食指背第一節中央外開二分直 線上。；當食指背第一節中央線外開二分 直線上，距第二節橫紋三分三為指五金穴， 六分六為指千金穴。；指五金、指千金位於食指背第一節小側（尺側），計二穴，取穴 三分點法，下穴為指五金，上穴為指千金。貼骨旁下針，針深二分至三分。,針深半分。,,胃及十二指腸潰瘍。,,images/圖1-27_指五金、指千金穴.jpg,notes/指五金、指千金穴.md,56
指駟馬穴,一一,一一部位,手指穴位,圖1-28,食指背第二節外側，中央線外開二分之直線上。；當食指第二節中線外開二分之中點一穴，其上三分一穴，其下三分一 穴，共三穴。 56；指駟馬位於食指背第二節 小側（尺側），計三穴，取穴採用四分點法。 貼骨旁下針，針深二分至三分。,針深半分。,"肋膜炎,肋膜痛,皮膚病,臉面黑斑,鼻炎,耳鳴,耳炎,肩痛,退乳回奶",肩痛、退乳回奶。 圖1-28 指駟馬穴,,images/圖1-28_指駟馬穴.jpg,notes/指駟馬穴.md,56
婦科穴,一一,一一部位,手指穴位,圖1-29,在大指第一節之外側。；當大指背第一節之中央線外開三分，距前橫紋三分之一處一穴，距該 橫紋三分之二處一穴，共二穴。；婦科穴位於大指背第一節小側， 計二穴，取穴採用三分點法。貼於骨旁下針，針深 二分至三分，一次兩針齊下，謂之倒馬針。,五分針，針深二分，一用兩針。,"子宮炎,子宮痛,子宮肌瘤,小腹脹,不孕症,月經不調,經痛,月經過多,月經過少,子宮位置不正",子宮位置不正之屈傾。,,images/圖1-29_婦科穴.jpg,notes/婦科穴.md,58
制汙穴,一一,一一部位,手指穴位,圖1-30,在大指背第一節中央線。；當大指背第一節中央線上。；制汙穴位於大指背中央線，計三穴，取穴採用四分點法。以採 血片刺出黑血。 58,以三稜針刺出黑血當時見效。,"瘡瘍久不收口,刀傷不收口,手術後傷口潰爛,中耳炎,帶狀皰疹",中耳炎及帶狀皰疹。,,images/圖1-30_制汙穴.jpg,notes/制汙穴.md,58
止涎穴,一一,一一部位,手指穴位,圖1-31,大指第一節之橈側。；當大指背第一節之內側（中央線內開二分），距前橫紋三分之一處一 穴，又距該橫紋三分之二處一穴，共二穴。；止涎穴位於大指背第一節內側， 計二穴，取穴採用三分點法。貼於骨旁下針，針深 一分至二分。,針深二分。,"小孩流口水,多涎",穴在肺經，透過手足太陰同名經通足太陰脾（脾主涎）；位當榮穴清熱止小兒熱性流涎；有補氣收攝之效（大人流涎多寒用水金水通更佳）。,,images/圖1-31_止涎穴.jpg,notes/止涎穴.md,64
五虎穴,一一,一一部位,手指穴位,圖1-32,在大指掌面第一節之橈側。；當大指掌面第一節之外側，每二分一穴，共 五穴。；五虎穴位於陰掌大指第一節A線， 圖1-32 五虎穴 計五穴，取穴採用六分點法，已如本節前言所述，自上而下，即自指尖向手掌順 數，依序為五虎一、五虎二、五虎三、五虎四、五虎五。,針深二分。,"全身骨腫,腳跟痛,腳痛,手痛,頭頂痛,手指痛,扳機指,類風濕關節炎,足趾痛,腳踝痛,肺炎咳嗽,扁桃體炎",腳跟痛、鞬鞘炎、扳機指、類風溼關節炎、手指痛、足趾痛酸、腳踝、 腳背痠痛、腳跟痠痛，肺炎咳嗽、瘰癧、扁桃體炎。（此處之主治全系按維傑新五 虎穴位置應用）,,images/圖1-32_五虎穴.jpg,notes/五虎穴.md,64
木穴,一一,一一部位,手指穴位,,食指第一節D線（掌心內側，中央線外開二分），三分點法取二穴（上穴距第二節橫紋三分三，下穴六分六）。針深二至三分。一般只取下穴。,,"肝火旺,脾氣躁,眼發乾,眼流淚,流鼻涕,鼻塞,感冒,手汗,手掌皸裂,手皮膚病,鵝掌風",食指屬大腸，透過「大腸與肝通」清肝火；位處後天八卦巽卦屬木主肝；肺主皮膚故治手皮病；大腸循行至鼻故治鼻病。治手皮膚病用患側，治其他病用對側。,治手皮膚病及手掌皸裂以患側為主；治其他各病以對側為主,images/noref_木穴.jpg,notes/木穴.md,
膽穴,一一,一一部位,手指穴位,,中指第一節大側、小側各中點，共二穴，二分點法。五分針，針一至二分；或以三稜針扎出血。,,"心驚,小兒夜哭,膝痛",心包與肝厥陰同名經相通，治心驚小兒夜哭；「包絡與胃通」，胃經過膝眼，治膝痛特效，理同內關治膝；心包與胃通，胃不和則臥不安，治夜哭。,以三稜針扎出血亦有效；以毫針針之即有效,,notes/膽穴.md,
二角明穴,一一,一一部位,手指穴位,,中指背第一節中央線，三分點法取二穴（距第二節橫紋三分三、六分六）。皮下針從橈骨側緣向外小指方向橫刺，針深半分。,,"閃腰岔氣,腰脊痛,腎痛,眉稜骨痛,鼻骨痛,眼壓高",中指對應督脈及人之中央；中指微太極中二角明對應腰脊，故治腰椎痛尤效；穴在心包經，中指與乾卦督脈及離卦心臟有關，治閃腰岔氣及眉稜骨痛鼻骨痛。,OCR 原標題誤切為「角明穴」；皮下橫刺,images/noref_二角明穴.jpg,notes/二角明穴.md,
指五金穴、指千金穴,一一,一一部位,手指穴位,,食指背第一節小側，三分點法取二穴（距第二節橫紋三分三為指五金，六分六為指千金）。貼骨旁下針，針深二至三分。,,"腸炎,腹痛,魚刺鯁喉,胃潰瘍,十二指腸潰瘍",穴在大腸經，大腸與肺表裡屬金（穴名取「金」字）；肺主喉系、大腸主腸腹，故治腸炎腹痛鯁喉；手足陽明同名經相通，治胃及十二指腸潰瘍。,OCR 原標題誤切為「指五金、指千穴」,,notes/指五金穴、指千金穴.md,
重子穴,二二,二二部位,手掌穴位,圖2-8,虎口下約一寸，即大指掌骨與食指掌骨之間。；手心向上，在大指掌骨與食指掌骨 之間，虎口下約一寸處是穴位。；五指併攏，陰掌食指之中央 線（即圖之C線）之延長線，與大拇指本節高 骨做一垂直線之交叉點，即重子穴。自重子 穴與掌緣平行斜下一寸即重仙穴。 圖 2-8 重子六,一寸針，針深三至五分。,"背痛,肺炎,感冒,咳嗽,氣喘,肩痛,頸痛,落枕,支氣管炎,子宮瘤,卵巢炎,胸痛",治療肩痛、頸痛、落枕，支氣管炎、支氣管哮喘、痰稠不易咳出，子 宮瘤、卵巢炎，胸痛。,,images/圖2-8_重子穴.jpg,notes/重子穴.md,72
重仙穴,二二,二二部位,手掌穴位,圖2-9,在大指骨與食指骨夾縫間，離虎口兩寸、與手背靈骨穴正對相通。；當大指骨與食指骨之間，距虎口兩寸處是穴。；五指併攏，陰掌食指之中央 線（即圖之C線）之延長線，與大拇指本節高 骨做一垂直線之交叉點，即重子穴。自重子 穴與掌緣平行斜下一寸即重仙穴。,一寸針，針深三至五分。 運用：重子、重仙兩針同時下針，為治背痛之特效針。,"背痛,肺炎,退燒,心跳,膝蓋痛,肩痛,頸痛,落枕,支氣管炎,氣喘,子宮瘤,卵巢炎,胸痛",肩痛、頸痛、落枕，支氣管炎、 支氣管哮喘、痰稠不易咳出，子宮瘤、卵巢炎， 胸痛。,,images/圖2-9_重仙穴.jpg,notes/重仙穴.md,72
大白穴,二二,二二部位,手掌穴位,圖2-10,在手背面，大指與食指叉骨間陷中，即第一掌骨與第二掌骨中間之 凹處。；拳手取穴（拇指彎曲抵食指第一節握拳），當虎口底外開五分處取之。；老師《董氏針灸正經奇穴學》原書 所載：“大指與食指叉骨間陷中，即第一掌骨與第二 掌骨中間之凹處。”即大腸經之合谷穴，原書之圖亦 繪於合谷穴位置。但老師針刺時則為三間穴。 楊維傑新大白穴：大白穴即大腸經之三間穴。 但緊貼骨緣下針，效果尤佳。靈骨、大白之取穴法， 必須立掌，虎口向上，針須一寸至一寸半以上，所謂 治下焦如權，非重不沉，治療坐骨神經痛必須深針， 圖2-10 大白穴 效果令人滿意。,用一寸針，針四分至六分深，治坐骨神經痛；用三稜針治小兒氣喘、發 高燒及急性肺炎（特效）。,"小兒氣喘,發高燒,坐骨神經痛,頭痛,三叉神經痛,顏面痙攣,目痛,落枕,牙痛,失眠,腰痛",治療高熱、三叉神經痛、顏面神經震顫（面肌痙攣）、目痛、頭痛 ［前頭（額頭）痛、偏正頭痛］、落枕、咽喉、鼻病、牙痛、失眠、嗜睡、惡阻、肚子痛、 腰痛、心口痛、咳嗽、手指痙攣等皆有效。還能治五十肩（肩關節周圍炎）。,孕婦禁針。,images/圖2-10_大白穴.jpg,notes/大白穴.md,72
靈骨穴,二二,二二部位,手掌穴位,圖2-11,在手背拇指與食指叉骨間，第一掌骨與 第二掌骨接合處，與重仙穴相通。；拳手取穴，在拇指、食指叉骨間，第一掌 骨第二掌骨接合處，距大白穴一寸二分，與重仙穴 相通。；靈骨之取穴法，緊貼骨緣下針，效果尤佳。必須立掌，虎口向 上，針須一寸至一寸半以上，所謂治下焦如權，非重不沉，治療坐骨神經痛必須深 針，效果令人滿意。,用一寸五分至二寸針，針深可透過重仙 圖2-11 靈骨穴 穴（過量針）。,"坐骨神經痛,腰痛,腳痛,半身不遂,偏頭痛,耳鳴,耳聾,半面神經麻痺,骨骼脹大,婦女經脈不調,難產,背痛,脊椎骨痛,小便痛",腳難舉抬（無力）、腹脹、肘痛、鼠蹊脹痛、頭暈、肩痛不舉、食慾不 振、脫肛、背痛、膝痛、腰痛、聽力不足、胸部打傷、慢性咳嗽、上腹脹悶。網球肘、 腳跟痛。,孕婦禁針。,images/圖2-11_靈骨穴.jpg,notes/靈骨穴.md,72
上白穴,二二,二二部位,手掌穴位,圖2-13,在手背面，食指與中指叉骨之間，距指骨 與掌骨接合處下五分。；手背向上，距指骨與掌骨接合處下五分， 食指骨與中指骨之間是穴。；在手背面，食指與中指叉骨之間，與大白穴平行，距指骨與掌骨 接合處下五分。,一寸針，針深三分至五分。,"眼角發紅,坐骨神經痛,胸下痛,腰背痛,肩背痛,眼痠脹,頸痛,腳無力",腰連背痛、肩背痛、眼痠脹、易疲勞、患側之手腕（橈側）扭傷、頸 痛（雙側並針）、腳無力。,,images/圖2-13_上白穴.jpg,notes/上白穴.md,76
下白穴,二二,二二部位,手掌穴位,圖2-15,在手背小指掌骨與無名指掌骨之間，距指骨與掌骨接連處一寸五分。；拳手取穴，當小指掌骨與無名指掌骨之間， 距指骨與掌骨一寸五分（即中白穴後一寸）是穴。,針深三分至五分。,"牙齒酸,肝微痛,近視眼,腰骨痛,坐骨神經痛,腎絞痛,腎結石,膽絞痛,閃腰岔氣",治少陽經走向之坐骨神經痛頗效。治腎絞痛、腎結石甚效。治膽 絞痛亦甚效。治閃腰岔氣亦甚效，治環腰一週痛甚效。,,images/圖2-15_下白穴.jpg,notes/下白穴.md,78
腕順一穴,二二,二二部位,手掌穴位,圖2-16,小指掌骨外側，距手腕橫紋二寸 五分。；在小指掌骨外側，距手腕橫紋二寸五 分處是穴。；腕順一位於小腸經之後溪穴後五分處。手術：針一寸至一 寸半。,針深二至四分。,"腎虧頭痛,眼花,坐骨神經痛,疲勞,腎臟炎,四肢骨腫,腰兩邊痛,背痛,近視眼,耳鳴,重聽,小腹脹,腰圍痛",治療足太陽經走向之坐骨神經痛、腰椎痛、腿彎痛、腳掌痛、耳鳴、 重聽、小腹脹、腰圍痛。,,images/圖2-16_腕順一穴.jpg,notes/腕順一穴.md,80
手解穴,二二,二二部位,手掌穴位,圖2-18,小指掌骨與無名指掌骨之間，握 拳時小指尖觸及之處。；手心向上，在小指掌骨與無名指 掌骨之間，握拳時小指尖觸及掌處是穴。；手解即心經之少府穴，在小指掌骨與無名指掌骨之間，握拳手 心向上，小指尖觸及掌處是穴。,針深三分至五分，停針十至廿分 鍾即解，或以三稜針出血即解。,"暈針,針後麻木,氣血錯亂刺痛,皮膚瘙癢",治療皮膚瘙癢甚效。,,images/圖2-18_手解穴.jpg,notes/手解穴.md,82
土水穴,二二,二二部位,手掌穴位,圖2-19,在拇指第一掌骨之內側。；在拇指第一掌骨之內側，距掌骨小頭一寸處 一穴，後五分一穴，再後五分一穴，共三穴。；在拇指第一掌骨之內側黑白肉際、距 掌骨小頭一寸處一穴，後五分一穴，再後五分一穴，共 圖2-19 土水穴 三穴。 楊維傑新土水穴：土水穴計有三個穴位，均位於手魚部位；中央之土水中穴 即魚際穴，自魚際至大指本節之中央點為土水上穴，自魚際至手腕橫紋之中央為 土水下穴。手術：貼骨針深五分至一寸。,針深二至五分。,"胃炎,久年胃病,手指手掌痛,手骨痛,氣喘,喉痛,肺炎",治氣喘甚效。治療喉痛甚效，治肺炎亦甚效。尚可治手指痛、手 掌痛、手骨痛。 現代解剖：肌肉：有外展拇短肌和拇對掌肌。血管：當拇指頭靜脈迴流支。 神經：布有前臂外側皮神經和橈神經淺支混合支。,,images/圖2-19_土水穴.jpg,notes/土水穴.md,82
中白穴,二二,二二部位,手掌穴位,,手背小指掌骨與無名指掌骨之間，距指骨與掌骨接連處五分，拳手取穴。針深三至五分。,,"腎臟病腰痛,腰痠,背痛,頭暈,眼散光,疲勞,坐骨神經痛,足外踝痛,四肢浮腫,脊椎骨痛",在手少陽經，透過「三焦與腎通」補腎治腰痛；位在手腕腰臍線，對應腎臟；中白下白倒馬並用主治腎虧各病，療效極佳。,此穴由 OCR 誤歸入上白穴段落；中白下白並用效更佳,images/noref_中白穴.jpg,notes/中白穴.md,
腕順二穴,二二,二二部位,手掌穴位,,小指掌骨外側，距手腕橫紋一寸五分（腕順一穴後一寸）。針深一寸至一寸半。,,"鼻出血,腎虧腰痛,耳鳴,重聽,小腹脹,腰圍痛,腿彎緊痛,腳掌痛",理同腕順一，補腎治腎虧各病；手足太陽相通治腰背痛腿彎緊痛；腕順一二並用補腎效更佳，腎虛牙痛眼痛亦有效；原注「一次用一穴」，臨床二穴並用無礙。,原注腕順一二以一次用一穴為宜，臨床並用亦可,,notes/腕順二穴.md,
其門穴,三三,三三部位,前臂穴位,圖3-4,在橈骨之外側，手腕橫紋後兩寸處。；當橈骨之外側，距手腕橫紋後兩寸處是穴。；臂側放，自其角向其門針斜刺，約與皮下 平行，針人五分至一寸。 圖3-4 其門穴,臂側放，針斜刺約與皮下平行，針人二至五分。,"婦科經脈不調,赤白帶下,大便脫肛,痔瘡痛,頑固性便秘,小腹脹氣",頑固性便秘、小腹脹氣。,,images/圖3-4_其門穴.jpg,notes/其門穴.md,90
其角穴,三三,三三部位,前臂穴位,圖3-5,在橈骨之外側，手腕橫紋後四寸處。；在其門穴後二寸處取之。；臂側放，自其角向其門針斜刺，約與皮下 平行，針人五分至一寸。 圖3-5 其角穴,同其門穴。,"婦科經脈不調,赤白帶下,大便脫肛,痔瘡痛,頑固性便秘,小腹脹氣",頑固性便秘、小腹脹氣。 穴名新釋：“其”，這也，所謂也。“角”，肝木之音也，本 穴在大腸經上，大腸經與肝經相通，此穴能治婦科經脈不 調，赤白帶下，這些病多與肝經不調有關。 定位及取穴：臂側放，自其角向其門針斜刺，約與皮下 平行，針人五分至一寸。 圖3-5 其角穴 現代解剖：肌肉：橈肱肌、短伸拇肌、外展拇長肌。血 管：後骨間動脈、橈掌骨動脈與靜脈。神經：橈骨神經、後肱下側肱下神經。,,images/圖3-5_其角穴.jpg,notes/其角穴.md,90
其正穴,三三,三三部位,前臂穴位,圖3-6,在橈骨之外側，手腕橫紋後六寸處。；在其門穴後四寸，即其角穴後二寸處取之。；臂側放，自其正向其角針斜刺，約與皮下 平行，針入五分至一寸。,同其門穴。 運用：其門、其角、其正三穴同用（即一用三針）。 $8,"婦科經脈不調,赤白帶下,大便脫肛,痔瘡痛",頑固性便秘、小腹脹氣。,,images/圖3-6_其正穴.jpg,notes/其正穴.md,90
火串穴,三三,三三部位,前臂穴位,圖3-7,在手背腕橫紋後三寸，兩筋骨間陷中。；手平伸，掌向下，從手腕橫紋中央直後三寸處取之；握拳屈肘掌心向 下，現溝凹處是穴位。；手平伸，掌向下，從手腕橫紋中 央直後三寸處取之；握拳屈肘掌心向下，現溝凹處 是穴位。即三焦經之支溝穴。針深五分至八分。,針深三分至五分。 運用：左手下臂痛針右手穴；右手下臂痛針左 手穴。,便秘，心悸，手下臂痛,呼吸困難、胸脘痞悶、脅肋疼痛、肋間神經痛。脅痛、踝關節扭傷、 落枕、急性腰扭傷、腰疼難轉側。咽喉腫突然不能出聲、熱病汗不出、側身“膽 經”的坐骨神經痛。,,images/圖3-7_火串穴.jpg,notes/火串穴.md,90
火陵穴,三三,三三部位,前臂穴位,圖3-8,在火串穴後兩寸。；手撫胸取穴，在火串穴後兩寸處取之。；穴在三焦經，手撫胸取穴，在火 串穴（支溝穴）後兩寸處取之。,針深五分至一寸。,胸痛及發悶，發脹，手抽筋，董師補充：腿坐骨神經痛,穴在三焦經，與心包相表裡，治胸悶胸痛胸脹皆有效。由於少陽經經絡走向，本穴亦治脅肋，可謂胸脅脹痛皆治。 治療手抽筋，以對側為主，系水平對應之應用。也有以筋治筋的作用。,,images/圖3-8_火陵穴.jpg,notes/火陵穴.md,92
火山穴,三三,三三部位,前臂穴位,圖3-9,在火陵穴後一寸五分。；手撫胸取穴，在火陵穴後一寸五分處 取之。；火陵在火串（支溝）後二寸，火 山在火陵後寸半，但取穴略有不同，取火串，手平 圖3-9 火山穴 伸，取火陵、火山則手撫胸取穴。,針深一寸至一寸五分。 運用：左手抽筋取右手穴；右手抽筋取左手 穴。胸部痛及發悶、發脹則火陵、火山兩穴同時用 針，但注意只宜單手取穴，不可雙手同時用針。,同火陵穴,治少陽經走向之坐骨神經痛，效果亦佳。,,images/圖3-9_火山穴.jpg,notes/火山穴.md,92
火腑海穴,三三,三三部位,前臂穴位,圖3-10,在火山穴後兩寸，按之肉起，銳肉之端。；手撫胸取穴，在火山穴後二寸處取之。；在火山穴後兩寸，按之肉起，銳肉之端。轉肘取穴與手三里位 置相合，本穴以三焦經定位，向內旋臂，從陽明經取穴。,針深五分至一寸。 運用：治貧血、頭昏、眼花、腿痠、疲勞過度時， 下針十分鐘後取針，改用墊灸三壯至五壯（不需下 針，僅灸三至五壯亦可），隔日一灸，灸上三個月， 可延年益壽。灸至第五、第十、第十五次，下灸七 壯至九壯（大壯），即每月大壯三次，小壯十二次。,咳嗽，氣喘，感冒，鼻炎，坐骨神經痛，腿痠，腰痠，貧血，頭暈，眼花，疲勞過度,網球肘、肩背痛及臂痛。,,images/圖3-10_火腑海穴.jpg,notes/火腑海穴.md,94
手千金穴,三三,三三部位,前臂穴位,圖3-12,尺骨外側，手五金穴後一寸五分。；手撫胸取穴，在尺骨外側，距豌豆骨八寸，手五金穴後一寸五分處 取之。；手撫胸取穴，在手少陽三焦經與 手太陽小腸經之間。手掌外翻，筋下骨前取穴。 針深五分至八分。,針深三分至五分。 運用：手五金與手千金兩穴同用，唯禁忌雙手 同時取穴。,,常用治少陽經走向之坐骨神經痛，及小腿脹痛痠麻，手千金單獨 治手臂瘡瘍初起特效。,,images/圖3-12_手千金穴.jpg,notes/手千金穴.md,100
腸門穴,三三,三三部位,前臂穴位,圖3-13,在尺骨之內側，距豌豆骨三寸。；手撫胸取穴，在尺骨之內側與筋腱之間， 距豌豆骨三寸處是穴。；在尺骨之內側，距腕橫紋後三寸。,針深三至五分。,肝炎之腸炎，頭昏眼花,治腹瀉。,,images/圖3-13_腸門穴.jpg,notes/腸門穴.md,100
肝門穴,三三,三三部位,前臂穴位,圖3-14,在尺骨之內側，距豌豆骨六寸。；手撫胸取穴，當尺骨之內側中部，距豌豆 六寸處取之。；在手太陽小腸經上，從前臂手腕 橫紋至肘尖之中點取穴。 楊維傑新肝門穴：在手太陽小腸經，從前臂手 圖3-14 肝門穴 腕橫紋至肘尖之中點，貼骨取穴。,針深三分至五分，針下後立止肝痛，將針 向右旋轉，胸悶即解；將針向左旋轉，腸痛亦除。 運用：腸門穴與肝門穴同時使用，可治肝炎引 起之腸炎，單用左手穴，禁忌雙手同時取穴。,急性肝炎(特效),能治小腿抽筋。,,images/圖3-14_肝門穴.jpg,notes/肝門穴.md,100
心門穴,三三,三三部位,前臂穴位,圖3-15,在尺骨鷹嘴突起之上端，去肘尖一寸五分陷中。；手撫胸取穴，在下尺骨內側陷處，距肘尖 一寸五分是穴。；心門穴約在小腸經上，在小腸合 穴附近，去肘尖尺骨鷹嘴突起處一寸五分。 楊維傑新心門穴：距尺骨鷹嘴突起處之肘尖二 寸骨下緣，貼骨取穴。,針深四至七分。 運用：禁忌雙手用穴。,心臟炎，心跳胸悶，嘔吐，肝霍亂，董師補充：大腿彎前側痛,大腿內側痛（含腹股溝）、坐骨神經痛。治尾椎痛甚效。善於治 膝部骨刺及退化性關節炎。還能治眼皮及眼周震顫。,,images/圖3-15_心門穴.jpg,notes/心門穴.md,100
人士穴,三三,三三部位,前臂穴位,圖3-16,在前臂橈骨裡側，去腕橫紋四寸。 101；手平伸、掌心側向上，從腕部橫紋上行四寸，當前 臂橈骨內側是穴。；去腕橫紋四寸，在肺經之上。,針深五分至一寸。 運用：針深五分治氣喘，治手掌及手指痛、肩臂痛、背痛 （患右用左穴，患左用右穴）。針深一寸治心臟病、心跳。,,,,images/圖3-16_人士穴.jpg,notes/人士穴.md,101
地士穴,三三,三三部位,前臂穴位,圖3-17,在前臂橈骨中部內緣，距人士穴三寸。；手平伸、掌向上，去腕橫紋七寸，即距人士穴後三寸，當前臂橈骨內側 是穴位。 102；在肺經之上，距腕橫紋七寸。,針深一寸治氣喘、感冒、頭痛及腎虧，針深一寸五 分治心臟病。,氣喘，感冒，頭疼，腎虧，心臟病,本穴指出針之深淺，針淺治淺，治氣喘、感冒、頭痛及腎虧，針深治深，治心臟病。 本穴在肺經上，穴近肺經郄穴孔最，治療氣喘、感冒當然有效。![](images/0c0cd4b53d4e67c6d87fa8b14370d8072186edfa82943e9cb6017d1dc8b3a590.jpg)<details><summary>natural_image</summary>Human forearm…,,images/圖3-17_地士穴.jpg,notes/地士穴.md,102
天士穴,三三,三三部位,前臂穴位,圖3-18,在前臂橈骨之後部內側，距地士穴三寸。；在前臂橈骨之後部內側，距地士穴三寸處是穴。；在肺經路徑上，距地士穴三寸，距腕橫紋 十寸。,針深一寸五分。 運用：天士、地士、人士三穴配靈骨穴，雙手同時用針為治哮喘之特效針。 103,氣喘，鼻炎，臂痛，感冒，胸部發脹,人士、地士、天士，簡稱三士穴，位置均在肺經上，因此治療呼吸器官病效果極佳，人士在太淵上四寸，地士則與孔最穴位置相符，孔最為肺經郄穴，治哮喘療效本佳，配人士、天士倒馬效果更好。 三士穴配水金或水通療效更好。,,images/圖3-18_天士穴.jpg,notes/天士穴.md,103
曲陵穴,三三,三三部位,前臂穴位,圖3-19,在肘窩橫紋上，試摸有一大筋，在筋之外側。；平手取穴，在肘窩橫紋上，在大筋之外側以大指按下，肘伸屈時有一大 凹陷處是穴。；平手取穴，在肘窩橫紋上，有一大筋，在大 筋之外側，屈肘時有一大凹陷處是穴，位置同肺經尺澤。取 穴時將肘稍彎向上，可見大筋隆起，貼筋取穴。 楊維傑新曲陵穴：屈肘，在肘窩橫紋上，有一大筋，在大 筋之外側，緊貼筋旁針之，而非凹陷處。由於系貼筋取之， 必須屈肘，筋鼓起如山陵，貼筋取之，更合曲陵之義。,針深三分至五分。 運用：用三樓針刺曲陵穴內側之動脈血管，使其出血，可治陽霍亂，肝霍亂， 心臟麻痺。,抽筋，陽霍亂，氣喘，肘關節炎，心跳,治氣喘、咳嗽、扁桃體炎、肺炎、發熱、咽喉 炎、遺尿、尿意頻數（配腎關）、癃閉。閃腰岔氣（配復溜穴並 用效果更佳）、筋攣拘急之病，治肩痺痛（五十肩）、半身不 遂、腰痛、膝關節痛、膝不能下蹲。 貼筋而刺，治療筋病，對於肢體之拘攣，牽扯，弛緩，強 圖3-19 曲陵六 直等均有療效。 刺血治急性胃炎之吐瀉，腹痛亦甚效。 刺血還能治狂躁型精神病、降血壓。點刺出血治療胸悶、胸痛、呼吸困難，心 髒病變（心臟麻痺…,,images/圖3-19_曲陵穴.jpg,notes/曲陵穴.md,105
五穴,三三,三三部位,前臂穴位,,在尺骨外側，距豌豆骨六寸五分。；針法：針深三分至五分。,,坐骨神經痛，腹痛，小腿發脹，腳痛，腳麻,本穴距豌豆骨六寸五分，即火山穴外開五分處是穴。如此即與火山穴平行，火山穴從手腕橫紋中央直後取之，火串穴在手背腕橫紋後三寸，火陵穴在火串穴後兩寸。火山在火陵穴後一寸五分。如此火山在手背腕橫紋後六寸五分，此穴則以豌豆骨後取之，則董師之距豌豆骨幾寸與距手腕橫紋幾寸類同。可見老師指的豌豆骨與手背腕橫紋在一條直線。 應用及原理參見“千穴”。![](images/8ede0f50587942828d8e81d…,,,notes/五穴.md,
千穴,三三,三三部位,前臂穴位,,尺骨外側，手五金穴後一寸五分。；針法：針深三分至五分。；運用：手五金與手千金兩穴同用，唯禁忌雙手同時取穴。,,同手五金穴,【維傑新用】常用治少陽經走向之坐骨神經痛，及小腿脹痛痠麻，手千金單獨治手臂瘡瘍初起特效。 手五金、手千金穴之位置約距三焦經走向外開五分，在手少陽三焦經與手太陽小腸經之間。手五金、手千金一般均倒馬運用。 餘常用治少陽經走向之坐骨神經痛，及小腿脹痛痠麻。,禁忌雙手同時取穴,,notes/千穴.md,
人穴,三三,三三部位,前臂穴位,,在前臂橈骨裡側，去腕橫紋四寸。；針法：針深五分至一寸。；運用：針深五分治氣喘，治手掌及手指痛、肩臂痛、背痛（患右用左穴，患左用右穴)。針深一寸治心臟病、心跳。,,氣喘，手掌及手指痛，肩臂痛，背痛,本穴在肺經上，故能治氣喘，三士穴中僅本穴指出能治手指痛、肩臂痛及背痛，蓋本穴在倒馬針之全息中偏於上焦，故治療之病偏上。 本穴再度指出針淺治近，治氣喘、治手掌及手指痛、肩臂痛、背痛。針深治遠，治心臟病、心跳。蓋心臟較肺離手略遠。而且肺主皮膚較淺層，心主血脈較深層。又指出疼痛以左治右，以右治左，董老師治痛一般以對側（健側)為主。,,,notes/人穴.md,
分金穴,四四,四四部位,後臂穴位,圖4-2,在後臂肱骨之前側，距肘橫紋一寸五分。；手撫胸取穴，當後臂肱骨之下部中央，去肘窩橫紋一寸五分處是穴。；分金穴位於肺經上，在俠白下三寸半，距尺澤一寸半。,針深五分至一寸。,感冒，鼻炎及喉炎之特效針,可治咳嗽及鼻蓄膿，與曲陵倒馬，療效尤佳。 108 圖4-2 分金穴,,images/圖4-2_分金穴.jpg,notes/分金穴.md,108
後椎穴,四四,四四部位,後臂穴位,圖4-3,在後臂肱骨之外側，距肘橫紋二寸五分。；手臂下垂，在後臂肱骨之外側，距肘橫紋二寸五分是穴。；後椎穴位於三焦經上，約當清冷淵穴上五分處。,針深三分至五分。,脊椎骨脫臼，脊椎骨脹痛，腎臟炎，腰痛,"位居三焦經上,基於腎與三焦通之原理,治療與腎有關之脊椎骨脫臼，脊![](images/105df4cf5efc1d256eb4d0a1945587b4ab41e4c6c743994982f1cc8f994e97ef.jpg)<details><summary>text_image</summary>Anatomical diagram of a human shoulder with red da…",,images/圖4-3_後椎穴.jpg,notes/後椎穴.md,110
首英穴,四四,四四部位,後臂穴位,圖4-4,當後臂肱骨之外側，距肘橫紋四寸五分。；手臂下垂，在後臂肱骨之外側，距後椎穴二寸處是穴。；首英穴及富頂穴皆位於三焦經上，首英穴約當消濼下五分，富 頂穴約當消濼上二寸，臑會穴下一寸。,針深三分至五分。 運用：後椎、首英兩穴通常同時用針（即所謂回馬針），效力迅速而佳。,,,,images/圖4-4_首英穴.jpg,notes/首英穴.md,110
圖4-4 首英穴,四四,四四部位,後臂穴位,,當後臂肱骨之外側，去首英穴 二寸五分，距肘橫紋七寸。；手臂下垂，在後臂肱骨之外側， 距首英穴上二寸五分。；首英穴及富頂穴皆位於 三焦經上，首英穴約當消濼下五分，富頂 圖4-5 富頂穴 穴約當消濼上二寸，臑會穴下一寸。,針深三至五分，針淺扎治疲勞、 肝弱，針深扎治頭痛、頭昏及血壓高。,,,,,notes/圖4-4首英穴.md,114
後枝穴,四四,四四部位,後臂穴位,圖4-6,當肩中與肘之直線上，距富頂穴一寸，離肘橫紋八寸。；手臂下垂，在後臂肱骨之外側， 距富頂穴一寸處是穴。；後枝穴位置約當三焦經 消濼上二寸，約與臑會之位置相當。 圖4-6,針深三分至七分。 運用：富頂、後枝兩穴同時下針，可治 頸項疼痛扭轉不靈及面部麻痺。,血壓高，頭暈，頭痛，殺菌，皮膚病，血管硬化,本穴主治血壓高、頭暈、頭痛，實則皆與肝腎陰虛有關。滋陰補腎為根本療法。 富頂、後枝兩穴皆能治肝及調整血液迴圈，皆能治肝之血壓高、頭暈、頭痛、疲勞等。兩穴同時下針，可治頸項疼痛、扭轉不靈及面部麻痺。頸項疼痛、扭轉不靈多與血壓高有關。,,images/圖4-6_後枝穴.jpg,notes/後枝穴.md,114
肩中穴,四四,四四部位,後臂穴位,圖4-7,當後臂肱骨之外側，去肩骨縫 二寸五分。；手臂下垂，自肩骨向下二寸半， 肩中央是穴。；肩中穴位於肩臂三角肌 之正中央，去肩骨縫三寸。 圖4-7 肩中穴,針深五分至一寸。 運用：左肩痛扎右穴；右肩痛扎左穴。,膝蓋痛（特效針），皮膚病（頸項皮膚病有特效），小兒麻痺，半身不遂，心跳，血管硬化，鼻出血，肩痛,治肌萎縮及皮膚病甚效，治下肢無力、半身不遂亦佳。,,images/圖4-7_肩中穴.jpg,notes/肩中穴.md,114
背面穴,四四,四四部位,後臂穴位,圖4-8,在肩骨縫之中央、舉臂時有空陷處。；舉臂時，肩骨連線縫之空陷處中央取穴。；在肩骨縫之中央，舉臂時有空陷處。舉臂取之，穴在後臂偏於 後背，舉之則在最上面，面向上。,針深三分至五分。 運用：用三稜針可治全身疲勞，兩腿發酸，嘔吐，肝霍亂，腸霍亂，陰陽霍亂。,腹部發悶，發音無力,本穴與肩髃穴相符或相近，肩髃穴原有調理肺氣之效；穴在大腸經上，大腸與肺相表裡，本穴治腹部發悶及發音無力皆系調理肺氣之功。 背面穴位置相當於大腸經之肩髓穴，一說後一寸，用三稜針點刺在肩髃穴至其後一寸之周邊，點刺出血即可，不必拘泥穴位。運用三稜針點刺可治療全身疲勞，兩腿發酸，嘔吐，肝霍亂，腸霍亂，陰陽霍亂各症，確有卓效。,,images/圖4-8_背面穴.jpg,notes/背面穴.md,114
人宗穴,四四,四四部位,後臂穴位,圖4-9,在後臂肱骨內緣與肱二頭肌間之陷處，去肘窩橫紋三寸。；屈肘測量，以手拱胸，在後臂肱骨內緣與肱二頭肌間之陷處，去肘窩橫 紋三寸是穴。；本穴先在肺經定位，取穴時上臂稍向內轉，貼筋取穴，實際是在大腸 115 經取穴。,用毫針，針深五分治感冒氣喘，針深八分治臂腫，針深一寸二分治肝、 膽、脾病。,腳痛，手痛，肘腫痛難動，面黃(膽病)四肢浮腫，脾腫大，感冒，氣喘,人宗穴位置內層與大腸經之手五里穴相符，古人視手五里為禁針穴，唯據經驗刺之其效尚佳，亦無副作用，所謂禁刺，恐系古人用針太粗之故，有傷及動脈及神經之虞，因此董師亦告誡“扎針部位應準確”。 穴在肺經上，故治感冒氣喘。取穴時上臂稍向內轉，實際是在大腸經取穴。,下針時，偏外傷肱骨，偏裡傷肱二頭肌，扎針部位應準確。,images/圖4-9_人宗穴.jpg,notes/人宗穴.md,115
地宗穴,四四,四四部位,後臂穴位,圖4-10,在人宗穴上三寸處，距肘窩橫紋六寸。；屆肘測量，以手拱胸，當後臂肱骨之中部內緣與肱二頭肌間之陷處，亦 即人宗穴上三寸是穴。；本穴先在肺經定位，取穴時 上臂稍向內轉，貼筋取穴，即成“以手拱胸”取 穴，實際是在大腸經取穴。,針深一寸治輕病，針深二寸治重病，兩臂之穴同時下針。,能使陽證起死回生，心臟病及血管硬化,"本穴穴下有橈動脈、肱動脈，能調整血液迴圈，強心復甦，效同火硬，道理相同，所謂“以脈治脈”也,亦“以脈治心”也。 針深一寸治輕病，治心臟病及血管硬化，針深二寸治重病，兩臂之穴同時下針。所謂重病者，指能使陽證起死回生，當是心臟麻痺、心絞痛一類重病。",下針時，偏外傷肱骨，偏裡傷肱二頭肌，扎針部位應特別準確。,images/圖4-10_地宗穴.jpg,notes/地宗穴.md,16
圖4-10 地宗穴,四四,四四部位,後臂穴位,,在後臂肱骨內緣與肱二頭肌後部間 之陷處，距地宗穴三寸，距肘窩橫紋九寸。；屈肘測量，以手拱胸，當後臂肱骨內緣 與肱二頭肌後部間之陷處，距地宗穴三寸處是穴。；本穴先在肺經定位，取穴時上 圖4-11 天宗穴 臂稍向內轉，屈肘以手拱胸，貼筋取穴，實際是在大腸經取穴。,針深一寸至一寸五分。,,,下針時，偏外傷肱骨，偏裡傷二頭肌， 取穴必須準確。,,notes/圖4-10地宗穴.md,122
雲白穴,四四,四四部位,後臂穴位,圖4-12,在肩尖前約二寸，背面穴向胸方 向斜下開二寸。；垂手取穴，當肩關節前方，骨縫 去肩尖約二寸許處是穴，亦即背面穴向胸 方向斜下開二寸。；以肩中穴定位，在肩中穴 前一寸，再直上一寸之位置。 118 圖4-12 雲白穴,針深三分至五分。,,配肩中治小腿無力及脹痛。,,images/圖4-12_雲白穴.jpg,notes/雲白穴.md,122
李白穴,四四,四四部位,後臂穴位,圖4-13,在雲白穴稍向外斜下二寸。；在臂外側，從雲白穴稍向外斜下二寸處是穴。；在肩中穴前一寸二分，再下一寸處。,針深三分至五分。 。 炒。 圖 4-13 李白穴,狐臭，腳痛，小腿痛，小兒麻痺,李白、天宗、雲白、肩中、上曲皆在肩部肌肉肥厚處，以肉治肉，治 肌萎縮甚效，皆治小兒麻痺。,,images/圖4-13_李白穴.jpg,notes/李白穴.md,122
支通穴,四四,四四部位,後臂穴位,圖4-14,在上臂後側，首英穴向後橫開一寸。；自肩後側直下，去肘橫紋四寸五 分，即首英穴向後橫開一寸。；在上臂後側，首英穴向後 往小腸經橫開一寸。,針深六分至一寸。,高血壓，血管硬化，頭暈，疲勞，腰痠,,貼近肱骨後緣扎針。,images/圖4-14_支通穴.jpg,notes/支通穴.md,122
落通穴,四四,四四部位,後臂穴位,圖4-15,在上臂後側，即富頂穴向後橫開一寸。；自肩端後側直下，距肘橫紋上七寸，即富頂穴向後橫開一寸是穴。；在上臂後側，富頂穴向後橫開一寸，腋窩紋下二寸之位置。,針深六分至一寸。 圖4-15 落通穴,血壓高，血管硬化，頭暈，疲勞，四肢無力，腰痠,支通、落通皆治血壓高。 穴貼肱骨後緣扎針，又“以骨治骨”對應於腎，治腎虧之病。,,images/圖4-15_落通穴.jpg,notes/落通穴.md,122
下曲穴,四四,四四部位,後臂穴位,圖4-16,在上臂後側，即後枝穴後開一寸。；在肩端後直下，即後枝穴向後橫 開一寸是穴。；在上臂後側，即後枝穴後 開一寸，距腋窩之腋紋下一寸。 圖4-16 下曲穴,針深六分至一寸。,血壓高，坐骨神經痛（肺與肝兩種機能不健全所引起者），半身不遂，小兒麻痺，神經失靈及神經失靈而引起之骨頭脫節症,,,images/圖4-16_下曲穴.jpg,notes/下曲穴.md,122
上曲穴,四四,四四部位,後臂穴位,圖4-17,在上臂後側，肩中穴後開一寸。；在上臂後側，即肩中央向後橫開一寸是穴。；在上臂後側，即後枝穴後 開一寸。距腋窩之腋紋上一寸。,針深六分至一寸五分。治左臂取右穴；治右臂用左穴。 運用：用三稜針出血治肝硬化及肝炎。,小兒麻痺，坐骨神經痛，臂痛，血壓高，小腿脹痛,下曲、上曲皆治療坐骨神經痛、小兒麻痺、血壓高。下曲、上曲倒馬並用效果更好。以三才全息論，從下往上，穴在上臂之尾部，治下焦病有效，治坐骨神經痛。 太極全息觀之手軀順對，對應於鏡部及前後陰部，故可治療坐骨神經痛、小兒麻痺。,,images/圖4-17_上曲穴.jpg,notes/上曲穴.md,122
水愈穴,四四,四四部位,後臂穴位,圖4-18,在上臂之後側，即背面穴後開稍斜下二寸。；自肩後直下，即背面穴向後橫開（稍斜下）二寸是穴。 123；自肩後直下，即背面穴向 後橫開（稍斜下）二寸是穴。穴位置與小腸 圖4-18 水愈穴 經之臑俞相符。,針深三分至五分。 運用：用三稜針扎出黃水者，主治腎臟 之特效針。 用三稜針扎出黑血者，主治手腕手 背痛。 用三稜針扎左邊穴治左臂痛；扎右邊穴 治右臂痛（直接治療）。,腎臟炎，腎結石，腰痛，腿痠，全身無力，小便蛋白質，臂痛，手腕手背痛,水愈穴位置與小腸經之臑俞相符，治療上述各症確有卓效。因系刺血穴位取穴，周遭範圍內取穴，約當肩髎、臑俞至臑會一帶。 穴名水愈，穴在小腸經上，基於手足太陽經相通，又“小腸與脾通”，能去溼，故能治腎炎、腎石、腰痠腰痛、小便蛋白尿等。,,images/圖4-18_水愈穴.jpg,notes/水愈穴.md,123
英穴,四四,四四部位,後臂穴位,,"當後臂肱骨之外側，距肘橫紋四寸五分。；針法：針深三分至五分。；運用：後椎、英兩穴通常同時用針(即所謂回馬針),效迅速而佳。",,同後椎穴,本穴位置在消濼穴下五分，貼骨進針。 基於三焦與腎通，腎主骨，又以骨治骨，故治脊椎病、腎炎、腰痛等有效。,,,notes/英穴.md,
富頂穴,四四,四四部位,後臂穴位,,當後臂肱骨之外側，去首英穴二寸五分，距肘橫紋七寸。；針法：針深三至五分，針淺扎治疲勞、 肝弱，針深扎治頭痛、頭昏及血壓高。,,疲勞，肝弱，血壓高，頭暈，頭痛,上述所治之病:疲勞、肝弱、血壓高、頭暈、頭痛，多屬肝腎虧虛之病。 高血壓、頭暈、血管硬化.皆與肝腎陰虛有關。滋陰補腎為根本療法。,,,notes/富頂穴.md,
天宗穴,四四,四四部位,後臂穴位,,在後臂肱骨內緣與肱二頭肌後部間之陷處，距地宗穴三寸，距肘窩橫紋九寸。；針法：針深一寸至一寸五分。,,婦科陰道癢，陰道痛，赤白帶下（具有速效），小腿痛，小兒麻痺，狐臭，糖尿病,,注意:下針時，偏外傷肱骨，偏裡傷二頭肌，取穴必須準確,images/noref_天宗穴.jpg,notes/天宗穴.md,
雲穴,四四,四四部位,後臂穴位,,在肩尖前約二寸，背面穴向胸方向斜下開二寸。；針法：針深三分至五分。,,婦科陰道炎，陰道癢，陰道痛，赤白帶下，小兒麻痺,【維傑新用】配肩中治小腿無力及脹痛。 依經驗本穴位置應系在肩中前一寸再上一寸之位置。 本穴治婦科病有效，配肩中治小腿無力及脹痛。,,,notes/雲穴.md,
火包穴,五五,五五部位,腿前側穴位,圖5-2,在足第二趾底第二道橫紋正中央。；平臥，當足次趾底第二道橫紋正中央是穴。；在第二足趾腳底第 二道橫紋正中央。,用三樓針扎出黑血立即見效，用毫針針深三至五分。,心痛，肝病，難產，胎衣不下,小腸疝氣，女子乾噦， 經血不調、解酒等症。 定位及取穴：在第二足趾腳底第 二道橫紋正中央。 現代解剖：肌肉：屈趾短肌肌腱 中。血管：足蹠側固有動靜脈形成之 血管網。神經：內蹠神經之趾支。,禁灸，孕婦禁針。,images/圖5-2_火包穴.jpg,notes/火包穴.md,128
上瘤穴,五五,五五部位,腿前側穴位,圖5-3,在足底後前緣正中央。；平臥，當足底後跟硬皮之前緣正中央是穴。；平臥，當足底後跟硬皮之前緣正中央是穴。針深五分以內。,針深五分以內。,腦瘤，腦積水（大頭瘟)，小腦痛，腦神經痛，體弱,鼻塞、鼻衄。本穴配針正筋及然谷點刺出血，治療腦震盪急症。,針深過量（超過五分）會引起心中不安，忌之。 圖5-3 上瘤穴,images/圖5-3_上瘤穴.jpg,notes/上瘤穴.md,131
海豹穴,五五,五五部位,腿前側穴位,圖5-4,在大趾之內側，本節正中央。；當大趾之內側（即右足之左側；左足之右側），大趾本節正中央部（腳 趾甲後）是穴。；海豹穴之位置在隱白之後，大都之前，大指本節中央之黑白肉際。,針深一分至三分。 運用：右手痛取左足穴；左手痛取右足穴。 圖5-4 海豹穴,眼角痛（角膜炎），疝氣，大指及食指痛，婦科陰道炎,“足軀逆對”治眼痛。 “足軀順對”對應陰部，故治疝氣、陰道病。,,images/圖5-4_海豹穴.jpg,notes/海豹穴.md,131
木婦穴,五五,五五部位,腿前側穴位,圖5-5,在足第二趾中節正中央外開三分。；當第二趾第二節正中央向外開三分是穴。；在足第二趾中節向小趾方向外開，貼骨 取穴。,針深二分至四分，貼趾骨下針（用細毫針，粗針痛 苦）。,婦科赤白帶下，月經不調，經痛，子宮炎，輸卵管不通,黃帶、陰癢、尿道炎。 圖5-5 木婦穴 131,,images/圖5-5_木婦穴.jpg,notes/木婦穴.md,131
火硬穴,六六,六六部位,腿後側穴位,圖6-2,在第一蹠骨與第二蹠骨之間，距蹠骨與趾骨關節五分。；當第一蹠骨與第二蹠骨之間，距蹠骨與趾骨關節五 分處是穴。；火硬穴位置在肝經之行間穴後五分。在第 圖 6-2 火硬穴 一蹠骨與第二蹠骨之間，距蹠骨與趾骨關節五分。,針深三分至五分。,心悸、頭暈、子宮炎、強心急救、牙關緊閉、胎衣不下,膝痛、經痛、前陰痛、眼痛、青光眼、失眠、意病、尿瀦留、尿道炎、膀 胱炎、面肌痙攣、鼻衄、帶狀皰疹、咀嚼肌痙攣、青光眼、小腹脹痛、肋間神經痛、多 種婦科病。 135,孕婦禁針、禁灸。,images/圖6-2_火硬穴.jpg,notes/火硬穴.md,135
火主穴,六六,六六部位,腿後側穴位,圖6-3,在火硬穴上一寸。；當第一蹠骨與第二蹠骨連線部之直前陷中取之，即距火硬穴後一寸處 取之。；火主穴位置在肝經太沖穴後之骨陷中手 術：針深一寸至寸半。 楊維傑新火主穴：將火主穴位置定在肝經之太沖穴後之 骨陷中，則本穴與古太沖相符，參見拙著《針灸經穴學》。餘 之火主穴位置則在太沖穴更後之骨緣，貼骨取穴。,針深三分至五分。治手腳痛時，左用右穴，右用左穴。,難產、心臟病、肝病、胃病、子宮炎、神經衰弱、手腳痛,經餘調整之新火主穴，治證甚多，且療效極佳。 1.治膝痛極為有效。治手連肩痛、手腳不利。治行步 艱難。治關節屈伸不利。 2. 治頭痛（前頭痛、偏頭痛、頭頂痛、顱內痛），治血管 圖6-3 火主穴 性頭痛及巔頂痛。治高血壓。頭暈均甚效。 3. 五官病方面，為治喉痛要穴。能治梅核氣。亦治鼻病要穴，治鼻炎、鼻 衄甚佳。治風火牙痛、虛火牙痛。治顏面神經麻痺，口歪眼斜（面癱）效果甚佳。 亦治面肌痙攣、治顳頜關節…,禁灸、孕婦禁針。,images/圖6-3_火主穴.jpg,notes/火主穴.md,136
門金穴,六六,六六部位,腿後側穴位,圖6-4,在第二蹠骨與第三蹠骨連線部之直前陷中。；當第二蹠骨與第三蹠骨連線部之直前陷凹中，與 火主穴並列。；將門金穴位置定在胃經之陷谷穴後之骨 圖6-4 門金穴 陷中，則本穴與古陷谷相符。 手術：針深一寸至寸半。 楊維傑新門金穴：門金穴位置在胃經之陷谷穴後骨前陷中。（據《針灸大 成》指出陷谷穴在內庭後二寸，並且有些書指陷谷在第二、三蹠骨結合處，則本 穴與陷谷相符，參看拙著《針灸經穴學》236 頁之取穴）。餘之門金穴位置則在陷 谷穴更後之骨緣，貼骨取穴。,用細毫針，針深五分（具有特效）。,腸炎，胃炎，腹部發脹及腹痛，盲腸炎,經餘調整之新門金穴，治證甚多，且療效極佳。 不論何種腹瀉，針之皆有特效。腹脹（配靈骨尚可治腹痛）極效。治胃痛亦 甚效。治乳痛特效。治月經疼痛亦極特效。治太陽穴之偏頭痛甚效。治鼻塞及 鼻痛、鼻炎。治療眼肌下垂（上眼皮下垂無力）無力睜開。治療肌無力效果亦頗 佳。治顳頜關節紊亂症、咀嚼肌痙攣、張口難開、彈響甚效。治耳聾、耳鳴、齒痛、 目赤痛。亦治頸腫大。治三叉神經疼痛。高熱無汗，熱不下降。治癲疾發狂、妄…,禁雙腳同時取穴。,images/圖6-4_門金穴.jpg,notes/門金穴.md,130
木斗穴,六六,六六部位,腿後側穴位,圖6-5,在第三蹠骨與第四蹠骨之間，距蹠骨與趾骨關節五分。；當第三蹠骨與第四蹠骨之間，距蹠骨與趾骨關節五分處是穴。；木留穴與門金穴平行，木鬥穴在木 留穴前一寸。均位於足部第三趾與第四趾之間。針 深五分至一寸。,針深三分至五分。,脾腫大（硬塊），消化不良，肝病，疲勞，膽病，小兒麻痺,亦常用治慢性肝炎、肝硬化。,,images/圖6-5_木斗穴.jpg,notes/木斗穴.md,140
木留穴,六六,六六部位,腿後側穴位,圖6-6,在第三蹠骨與第四蹠骨連線部之直前陷凹中，蹠骨與趾骨關節一寸五分。；當第三蹠骨與第四蹠骨連線部之直前陷凹 中，距木鬥穴後一寸處是穴。；木留穴與門金穴平行，木鬥穴在木 留穴前一寸。均位於足部第三趾與第四趾之間。針 深一寸至一寸半。,針深三分至五分。,白血球症，脾腫大，消化不良，肝病，疲勞，膽病，小兒麻痺,治全身麻木亦甚效。治療中指、無名指疼痛及伸屈不靈，還可治療 落枕及肩背痛。木留穴配三重穴可治三叉神經痛，又治耳痛、舌強言語困難等症。,,images/圖6-6_木留穴.jpg,notes/木留穴.md,143
六完穴,六六,六六部位,腿後側穴位,圖6-7,在第四蹠骨與第五蹠骨之間，距蹠骨與趾 骨關節五分。；當第四蹠骨與第五蹠骨之間，距蹠骨與趾 骨關節五分處是穴。；六完穴位置在膽經之俠溪穴後五 分，一說與俠溪相符（參見拙著《針灸經穴學》俠溪穴 142 圖 6-7 六完穴 體表定位）。針深五分。水曲穴位置與膽經之臨泣穴相符，水曲穴在第四、五趾 骨間陷中，應是臨泣穴（參見拙著《針灸經穴學》臨泣穴取穴），根據《針灸大成》 言臨泣去俠溪寸半，則六完穴應在俠溪後五分。,針深三分至五分。,止血(包括跌傷，刀傷出血或是打針血流不止），偏頭痛,本穴為木經水穴，有補水潤木補肝腎之功。 本穴對出血遷延不止有止血之效，肝膽表裡，肝主藏血。本穴屬水，水能滅火，止血藥亦多為黑色，故止血甚效。,哮喘、肺病、痰多、體弱均禁用此穴。,images/圖6-7_六完穴.jpg,notes/六完穴.md,143
水曲穴,六六,六六部位,腿後側穴位,圖6-8,在六完穴後一寸處。；當第四蹠骨與第五蹠骨之間，距六完穴一 寸處是穴。；水曲穴位置與膽經之臨泣穴相符， 水曲穴在第四、五趾骨間陷中，應是臨泣穴（參見拙 著《針灸經穴學》臨泣穴取穴）。針深五分至一寸。 圖6-8 水曲穴,針深三分至五分。,腰痛，四肢浮腫，腹脹，頸項神經痛，婦科子宮多病,治耳鳴、眼癢療效甚好。治手腕疼痛或無力亦頗有效。亦能治全 身骨痛、神經痛、手骨痛。尚能治肩痛、腿筋緊及肌肉萎縮，肌肉麻木。,,images/圖6-8_水曲穴.jpg,notes/水曲穴.md,143
火連穴,六六,六六部位,腿後側穴位,圖6-9,在第一蹠骨內側，距趾骨與蹠骨關節後一寸五分。；當第一蹠骨內側，距趾骨與 蹠骨關節一寸五分。；在第一蹠骨內側，距趾骨與蹠骨關節後一寸五分。火連穴位置 與脾經之太白穴位置相符，針橫第一蹠骨底緣刺人。但貼骨進針，療效尤佳。,針深五分至八分。針橫第 一蹠骨底緣刺入。,血壓高而引起之頭暈眼昏，心跳，心臟衰弱,本穴治前頭痛、眉稜骨痛療效甚佳。,單腳取穴，孕婦禁針。,images/圖6-9_火連穴.jpg,notes/火連穴.md,145
火菊穴,六六,六六部位,腿後側穴位,圖6-10,在火連穴後一寸。；當第一蹠骨內側，在火連穴 後一寸處是穴。；火菊穴位置與脾經之公孫穴位置平行，沿蹠骨底緣扎人。而緊 貼骨頭，貼骨進針，效果佳。針治頭部病可針更深，效果尤佳。,針深五分至八分，針與蹠骨 成直角，沿蹠骨底緣扎入。,手麻、高血壓、頭暈、心跳、頸項僵硬、眼昏,治前頭痛、眉稜骨痛、眼皮垂下尤為常用。治急性胃腸炎，臍腹部 絞痛，心煩失眠，心痛心悸。經痛，月經不調，本穴有調血海和衝脈的作用。消痰 減肥，脾經絡穴可聯絡脾胃。,單腳取穴，孕婦禁針。,images/圖6-10_火菊穴.jpg,notes/火菊穴.md,145
火散穴,六六,六六部位,腿後側穴位,圖6-11,在火菊穴後一寸。；當第一蹠骨內側，距火菊穴 後一寸處是穴。；火散穴位置與腎經之然谷穴位置相符，亦以貼骨進針為主。,針深五分至八分。針橫第 一蹠骨底緣刺入。,頭痛，腦脹，眼角痛，腎虧，頭暈，眼花，腰痠，背痛,尚能治五更瀉、腰腎之病。,單腳取穴，孕婦禁針。 運用：火連、火菊、火散三穴可同 圖6-11 火散穴 146 時下針，立治以上各症及腦瘤、腦膜炎，但注意單腳取穴，雙腳不可同時 下針。,images/圖6-11_火散穴.jpg,notes/火散穴.md,146
水相穴,六六,六六部位,腿後側穴位,圖6-12,在內踝骨直後，跟筋前緣陷處。；在跟筋前緣陷處，當內踝骨尖之直後二寸處是穴。；水相穴位置與腎經 之太溪穴位置相符，治療病症亦以腎 經為主，若針刺時位置稍後，貼筋（跟 腱）針刺，效果更佳。,針深三分至五分。或過量針亦可（即針沿跟筋前緣扎透過去）。,腎臟炎，四肢浮腫，腎虧而引起之腰痛，脊椎骨痛，婦科產後風，白內障,糖尿、蛋白尿、腎功能衰竭，多見脾腎兩虛之證，故能以本穴治之。 治療婦女經痛帶下，月經不調，男子陽痿，遺精。治療尿頻、遺尿、癃閉、水腫等 症。能治腎虛頭痛眩暈，治腎絞痛。治五更瀉亦極有效。牙痛要穴、足跟痛。,,images/圖6-12_水相穴.jpg,notes/水相穴.md,148
水仙穴,六六,六六部位,腿後側穴位,圖6-13,在內踝骨直後之下二寸，跟筋前緣陷處。；在水相穴直下二寸處取穴。；水仙穴位於水相穴下 二寸處。,針深五分。,同水相穴及腎虧之背痛,"仙穴位於相穴下處,此處腎經繞過圈，為腎經經旺盛之處。 本穴主治與“水相”同,常與“水相”倒馬並用,治療腎虧各病。原理詳見“相穴”。![](images/22d68e1b6903cbf7800c9c1169bcbe7db6c248202cd1d1ab63d7529f0eb7f78a.jpg)",,images/圖6-13_水仙穴.jpg,notes/水仙穴.md,150
水晶穴,六六,六六部位,腿後側穴位,圖6-14,在內踝尖之直下二寸。；當內踝尖之直下二寸處 是穴。；在內踝尖之直下二寸，貼骨針五分至一寸。,針五分至一寸。,子宮炎，子宮脹，子宮瘤，小腹氣腫脹悶,,,images/圖6-14_水晶穴.jpg,notes/水晶穴.md,150
花骨一穴,六六,六六部位,腿後側穴位,圖6-15,在足底第一與第二蹠骨之間。；當足底第一蹠骨與第二蹠骨之間，距趾間叉口五分一穴，又五分一穴， 再五分一穴，再八分一穴，共四穴。；當足底第一蹠骨與第二蹠骨之間，第一穴距趾間叉口五分，適 與行間穴相對。又五分為第二穴，再五分為第三穴，適與太沖穴相對。再八分為 第四穴，共四穴。第三穴適與太沖穴相對，第二穴則適在此二穴之中間，第四穴 在第三穴後八分處。,針深五分至一寸。 • 圖6-15 花骨一六,沙眼，眼角紅，眼皮炎，眼迎風流淚，怕光，眉酸骨痛，鼻骨痛，頭痛，牙,本穴組是治療眼病及眼周病專穴。 本穴組也是治療五官病有效穴。能治療鼻骨痛、頭痛、牙痛、耳鳴、耳聾。,,images/圖6-15_花骨一穴.jpg,notes/花骨一穴.md,150
花骨二穴,六六,六六部位,腿後側穴位,圖6-16,在足底第二與第三蹠骨之間。；當足底第二與第三蹠骨之間，距趾間叉口一寸一穴，又五分一穴，共二穴。；有兩穴，第一個穴距離趾間叉口一寸，相對於腳背陷谷與內庭 之間的腳底，第二個穴與第一個穴相距五分，距離趾間叉口一寸半，相對於腳背 陷谷前面五分。,針深五分至一寸。 圖6-16 花骨二穴,手指無力，手臂痛,尚能治手臂不舉甚效。,,images/圖6-16_花骨二穴.jpg,notes/花骨二穴.md,152
花骨三穴,六六,六六部位,腿後側穴位,圖6-17,在足底第三與第四蹠骨之間。；當足底第三蹠骨與第四蹠骨之間，距趾間叉口二寸處是穴。；花骨三穴僅有一穴，與木留穴相對，木留穴在腳背面，本穴在腳 底。木留穴與門金穴平行，位於足部第三趾與第四趾之間。,針深五分至一寸。 圖6-17 花骨三穴,腰痛，坐骨神經痛，脊椎骨痛,亦能治白眼發赤。,,images/圖6-17_花骨三穴.jpg,notes/花骨三穴.md,153
花骨四穴,六六,六六部位,腿後側穴位,圖6-18,在足底第四與第五蹠骨之間。；在足底第四與第五蹠骨之間、距趾間叉口一寸半是穴。；本穴在足底第四與第五蹠骨之間、距趾間叉口一寸半是穴。與 膽經之地五會穴相對。,針深五分至一寸。 圖6-18 花骨四穴,脊椎骨痛，坐骨神經痛，小腹痛，胃痛，止血,本穴除可治脊椎骨痛、坐骨神經痛、小腹痛、胃痛，亦可治手發麻及腳發麻。 能止血者，透針之背面為六完穴。按：花骨一、二、三、四，依次排列，其主治有太極全息觀在內，花骨一治頭眼眉，花骨二治上肢，花骨三治中央腰脊，花骨四穴治小腹、坐骨神經（還能治胃痛及止血）等。,,images/圖6-18_花骨四穴.jpg,notes/花骨四穴.md,156
硬穴,六六,六六部位,腿後側穴位,,在第一蹠骨與第二蹠骨之間，距蹠骨與趾骨關節五分。；針法：針深三分至五分。,,心悸，頭暈，胎衣不下，骨骼脹大，下須痛（張口不靈），強心（昏迷狀態時使用)，子宮炎，子宮瘤,"【維傑新用】膝痛、經痛、前陰痛、眼痛、青光眼、失眠、病、尿留、尿道炎、膀胱炎、面肌痙攣、鼻血、帶狀皰疹、咀嚼肌痙攣、青光眼、小腹脹痛、肋間神經痛、多種婦科病。 本穴取名火硬,即指對心臟病變有很強的治療作用，主治項內說:“強心昏迷狀態時使用”，臨床應用確有特效，效果較人中尤佳，昏迷在針刺人中或內關無效時可針此穴。 由於有太沖脈行於穴位旁邊，針之有以脈治脈之作用，故能強心急救，其功能與地宗穴有異曲同工…",注意：孕婦禁針、禁灸,,notes/硬穴.md,
主穴,六六,六六部位,腿後側穴位,,在火硬穴上一寸。；針法：針深三分至五分。治手腳痛時，左用右穴，右用左穴。,,難產，骨骼脹大，心臟病而引起之頭痛，肝病，胃病，神經衰弱，心臟麻痺，手腳痛，子宮炎，子宮瘤,【維傑新用】經餘調整之新火主穴，治證甚多，且療效極佳。,注意：禁灸、孕婦禁針,,notes/主穴.md,
菊穴,六六,六六部位,腿後側穴位,,在火連穴後一寸。；針法：針深五分至八分，針與蹠骨成直角，沿蹠骨底緣扎入。,,手發麻，心跳，頭暈，腳痛，高血壓，頭腦脹，眼昏，眼皮發酸，頸項扭轉不靈,【維傑新用】治前頭痛、眉稜骨痛、眼皮垂下尤為常用。治急性胃腸炎，臍腹部絞痛，心煩失眠，心痛心悸。經痛，月經不調，本穴有調血海和衝脈的作用。消痰減肥，脾經絡穴可聯絡脾胃。 治療上述各症確有特效，餘臨床常以本穴治療前頭痛、眉稜骨痛、鼻骨痛甚效。本穴為脾經絡穴，面部前額屬足陽明，刺一絡可治兩經之病。且太極對應於前額及眼部。 能健脾絡胃，且太極對應於前額及眼部。餘用治療眼皮垂下甚效。,注意：單腳取穴，孕婦禁針,,notes/菊穴.md,
正筋穴,七七,七七部位,腿外側穴位,圖7-4,在足後跟筋中央上，距足底三寸五分。；當足後跟筋之正中央上，距足底三寸五分是穴。；當足後跟筋之正中央上，即太溪穴與崑崙 穴包圍的跟腱中央。距足底三寸五分是穴。可以坐針，趴 臥針之尤佳。,針深五分至八分（針透過筋，效力尤佳），體壯可 坐姿扎，體弱者應側臥扎。,脊椎骨閃痛，腰脊椎痛，頸項筋痛及扭轉不靈，腦骨脹大，腦積水,胃痙攣痛、腳抽筋、月經痛。,,images/圖7-4_正筋穴.jpg,notes/正筋穴.md,160
正宗穴,七七,七七部位,腿外側穴位,圖7-5,在正筋穴上二寸處。；當足後跟筋之正中央上，距正筋穴上二寸處 是穴。；正宗亦位於跟腱上，在正筋穴上二寸。可 以坐針，趴臥針之尤佳。 圖7-5 正宗六,同正筋穴。 運用：正筋、正宗兩穴相配用針。,同正筋穴,治療脊椎骨閃痛，腰脊椎痛、頸項筋痛及扭轉不靈、腦骨脹大、腦積水與正筋相同，屬區位取穴，為正筋之加強針。 就經絡而言，膀胱經行經頸項，又就“以筋治筋”而言，可見其間頗有關聯，因此以此二穴倒馬治療頸項強硬或疼痛，效果極佳。,,images/圖7-5_正宗穴.jpg,notes/正宗穴.md,163
正士穴,七七,七七部位,腿外側穴位,圖7-6,在正宗穴上二寸處。；當足後跟筋之正中央上，距正宗上二寸處是穴。；在正宗穴上二寸，正筋穴上四寸處。,針深五分至一寸。,肩背痛，腰痛，坐骨神經痛,本穴常與博球穴倒馬並用治背痛極有效。也可與正宗及正筋並用成大倒馬，加強治療頸、腰脊痛有特效。 本穴為膀胱經所過，治背痛、腰痛，坐骨神經痛有效。,,images/圖7-6_正士穴.jpg,notes/正士穴.md,163
圖7-6 正士穴,七七,七七部位,腿外側穴位,,在正士穴上二寸五分。；平臥，腳跟用軟墊墊高，當下腿後側，在正士穴正 上二寸五分，即腓腸肌之下緣是穴。；博球位置在膀胱經之承山穴下一寸半。,針一寸至二寸，以針尖抵骨效力最佳。 運用：與四花中穴配用，主治霍亂轉筋及腎虧。,,月經痛，各種跌打損傷，均可先針阿是，再針 162 圖7-7 博球穴 此穴。刺血，治療壽瘡甚效。,,,notes/圖7-6正士穴.md,163
一重穴,七七,七七部位,腿外側穴位,圖7-8,在外踝骨尖直上三寸向前橫開一寸。；當外踝尖直上三寸，向前橫開一寸處 是穴。；一重穴位置在懸鐘穴向前，即向 圖7-8一重穴 陽明經方向橫開一寸處。,針深一寸至二寸。,甲狀腺腫大（心臟病引起），眼球突出，扁桃腺炎，口歪眼斜（面神經麻痺），偏頭痛，痞塊，肝病，腦瘤，腦膜炎,大腿髖骨疼痛特效。脾發炎、脾腫大、脾病、脾硬化、乳發炎、乳腫 大、乳痛、乳房小葉增生、甲狀腺腫大、偏頭痛，三叉神經痛、面神經麻痺、睡中咬 牙及肩臂手腕痛、中風後遺症、腦震盪後遺症及腦性麻痺，踝痛或扭傷、腳趾痛。 可治落枕。 解說及發揮 1.三重穴位在少陽（膽）經、陽明（胃經）之間，治療少陽、陽明兩經合併之 病（如顏面神經麻痺）甚效。 2.本穴治肝脾之病，其原理與木鬥、木留類同。但此處之脾非指脾臟及…,,images/圖7-8_一重穴.jpg,notes/一重穴.md,66
二重穴,七七,七七部位,腿外側穴位,圖7-9,在一重穴上二寸。；當一重穴直上二寸處是穴。；在一重穴上二寸。即膽經光明穴 前一寸。,針深一寸至二寸。,同一重穴,大腿髖骨疼痛特效。脾發炎、脾腫大、脾病、脾硬化、乳發炎、乳腫 大、乳痛、乳房小葉增生、甲狀腺腫大、偏頭痛，三叉神經痛、面神經麻痺、睡中咬 牙及肩臂手腕痛、中風後遺症、腦震盪後遺症及腦性麻痺，踝痛或扭傷、腳趾痛。 可治落枕。,,images/圖7-9_二重穴.jpg,notes/二重穴.md,66
三重穴,七七,七七部位,腿外側穴位,圖7-10,在二重穴直上二寸。；當二重穴直上二寸處是穴。；在二重穴直上二寸。即膽經外 丘穴前一寸。,針深一寸至二寸。 運用：一重、二重、三重穴同下針（即所謂回馬針），為治上述各症之特效針。 Tos,同一重穴,大腿髖骨疼痛特效。脾發炎、脾腫 大、脾病、脾硬化、乳發炎、乳腫大、乳痛、乳房小葉 增生、甲狀腺腫大、偏頭痛，三叉神經痛、面神經麻 痺、睡中咬牙及肩臂手腕痛、中風後遺症、腦震盪 後遺症及腦性麻痺，踝痛或扭傷、腳趾痛。可治 圖7-10 三重穴 落枕。,,images/圖7-10_三重穴.jpg,notes/三重穴.md,66
四花上穴,七七,七七部位,腿外側穴位,圖7-11,在膝眼下三寸，胻骨外廉。 66；當外膝眼之下方三寸，在前脛骨肌與長總趾 伸肌起始部之間陷中是穴。；四花上穴與足三里平行，貼脆骨取穴 進針（足三里在犢鼻下三寸，距脛骨前嵴一橫指，當脛 圖7-11 四花上穴 骨前肌上，屈膝或平臥取穴。亦有在膝眼下三寸脛骨外緣取之者）。,針深二寸至三寸，針深二寸治哮喘，針深三 • 寸治心臟病。 運用：四花上穴配博球穴治轉筋霍亂，此時四花上 穴須針深三寸。,哮喘，牙痛，心跳，口內生瘤，頭暈，心臟病，轉筋霍亂,能治血管硬化、腸胃道出血、高血脂、顏面神經麻痺、顳頜關節紊 亂症、高低血壓，可利尿消腫。調整胃腸功能，治一切腸胃疾患。,,images/圖7-11_四花上穴.jpg,notes/四花上穴.md,66
四花中穴,七七,七七部位,腿外側穴位,圖7-12,四花上穴直下四寸五分。；當四花上穴直下四寸五分。；本穴位於胃經條口穴上五分。,三稜針出血治心臟血管硬化、急性胃痛、腸 炎、胸部發悶、肋膜炎。用毫針針深二寸至三寸，治哮 喘、眼球痛。,哮喘，眼球病，心臟炎，心臟血管硬化（心兩側痛），心臟麻痺（心悶難過，坐臥不安），急性胃痛，消骨頭之腫脹，三稜針治肺積水，肺結核，肺瘤，肺氣腫，毫針治肩胛痛，肘彎痛，食指痛,五十肩。轉筋傷筋，腰痛。筋急口噤，腰扭傷。調理腸胃。,,images/圖7-12_四花中穴.jpg,notes/四花中穴.md,169
四花副穴,七七,七七部位,腿外側穴位,圖7-13,四花中穴直下二寸半；當四花中穴直下二寸半處是穴。；四花副穴在下巨虛穴下一寸。 圖7-13 四花副穴,三稜針出血治心臟血管硬化、心臟麻痺、急性 胃痛、腸胃炎。 運用：四花副穴與四花中穴配合使用，治以上諸症 立即見效，但扎針時應對正血管，以見黑血為準。,同四花中穴,消骨頭腫脹。,,images/圖7-13_四花副穴.jpg,notes/四花副穴.md,170
四花下穴,七七,七七部位,腿外側穴位,圖7-14,四花副穴直下二寸半。；當四花副穴直下二寸五分處是穴。；穴在四花副穴直下二寸半。在四花 • 中穴下五寸。,針深五分至一寸（用細毫針）。,腸炎，腹脹，胃痛，浮腫，睡中咬牙,膝蓋及足跟骨骨刺。,,images/圖7-14_四花下穴.jpg,notes/四花下穴.md,172
腑腸穴,七七,七七部位,腿外側穴位,圖7-15,四花下穴直上一寸半。；當四花下穴直上一寸五分處是穴。；本穴在四花副穴直下一寸。在四花 中穴直下三寸半，條口穴之下三寸。,針深五分至一寸。 運用：通常為四花下穴之配穴，效力迅速，但不單 獨用針。,腸炎，腹脹，胃痛，浮腫，睡中咬牙,膝蓋及足跟骨骨刺。,,images/圖7-15_腑腸穴.jpg,notes/腑腸穴.md,172
四花裡穴,七七,七七部位,腿外側穴位,圖7-16,在四花中穴向裡橫開一寸二分，當脛骨之外緣。；在四花中穴向裡橫開一寸二分，至脛骨之外緣處是穴。；應該是四花中穴向裡橫開兩寸，否則就針在骨頭上，不可能 進針。 172,針深一寸五分至二寸。,,退化性膝關節炎（膝關節骨刺）。,,images/圖7-16_四花裡穴.jpg,notes/四花裡穴.md,172
四花外穴,七七,七七部位,腿外側穴位,圖7-17,在四花中穴向外橫開一寸五分。；當四花中穴向外橫開一寸五分處是穴。；四花外穴距四花中穴一寸五分。 圖7-17 四花外穴 173 約當豐隆穴旁。,針深一寸至一寸五分。 用三稜針出黑血，治急性腸胃炎、肋膜痛、胸部 發脹、哮喘、坐骨及其神經痛、肩臂痛、耳痛、慢性鼻 炎、頭痛、高血壓。,急性腸炎，牙痛，偏頭痛，臉部神經麻痺，肋膜痛,1.毫針 治療眼球脹痛、前額及太陽穴痛、下頜關節痛、胸肌痛、足背痛、高 脂血癥、頭痛、眩暈、失眠。 2.刺血 治偏頭痛、耳痛、肩臂痛、胸痛、脅肋痛，側面（膽經）之坐骨神經痛 及足跗痛。,,images/圖7-17_四花外穴.jpg,notes/四花外穴.md,173
上唇穴,七七,七七部位,腿外側穴位,圖7-18,在膝蓋下緣。；當膝蓋正中央下緣，髕骨韌帶上。,用三稜針刺膝蓋下緣髕骨韌帶上及其鄰近區，使出黑血，立即見效。 圖7-18 上唇穴、下唇穴,唇痛，白口症,能治白塞綜合徵、陰唇病。,,images/圖7-18_上唇穴.jpg,notes/上唇穴.md,176
下唇穴,七七,七七部位,腿外側穴位,圖7-18,在膝蓋下緣約一寸。；當膝蓋下緣約一寸處。；膝蓋下緣髕骨韌帶上圍上唇，上唇穴下一寸，即本穴。,同上唇穴。,同上唇穴,陰唇病變，口腔炎。能治白塞綜合徵。,,,notes/下唇穴.md,176
天皇穴,七七,七七部位,腿外側穴位,圖7-19,在脛骨頭之內側陷中，去膝關節二寸五分。；當膝下內輔骨下陷中，在脛骨頭之內側，去膝關節二寸五分是穴。；在脛骨頭之內側陷中，去膝關節二 寸。天皇穴距膝關節二寸半，則應在陰陵泉穴下五分 處（陰陵泉距膝關節二寸），餘貼骨進針。,針深五分至一寸。 運用：配天皇副穴治倒食病，胃酸過多。 176,胃酸過多，反胃（倒食病），腎臟炎，糖尿病，小便蛋白質，董師補充：心臟病，高血壓，心臟病所引起之頭暈，頭痛，臂痛，失眠,項部及胸膂強緊、小便不順、尿蛋白、腎臟炎、糖尿病、腎功能 衰竭。 董師 充：治療心臟病，高血壓、心臟病所引起之頭暈頭痛、肩痛、臂痛、失眠。,不宜灸，孕婦禁針。,images/圖7-19_天皇穴.jpg,notes/天皇穴.md,176
地皇穴,七七,七七部位,腿外側穴位,圖7-21,在脛骨之內側，距內踝骨七寸。；當脛骨之內側後緣，距內踝上七寸處是穴。；在脛骨之內側，在內踝骨上緣七寸。,針與腳成四十五度扎入，針深一寸至一寸八分。,腎臟炎，四肢浮腫，糖尿病，淋病，陽痿，早洩，遺精，滑精，夢遺，小便蛋白質，小便出血，子宮瘤，月經不調，腎虧之腰痛,與腎關、人皇合稱下三皇。下三皇合 用，可以脾肝腎並治。治療：尿酸高、多血癥、貧血症、 紅斑狼瘡、甲狀腺腫大。,孕婦禁針。,images/圖7-21_地皇穴.jpg,notes/地皇穴.md,179
四肢穴,七七,七七部位,腿外側穴位,圖7-22,當脛骨之內側，在內踝上四寸。；當脛骨之內側後緣，距內踝上四寸處是穴。；當脛骨之內側，在內踝上緣上四寸。 三陰交上兩寸。針深五分至寸半。,針深六分至一寸二分。,四肢痛，頸項痛，糖尿病,四肢穴配腎關治肘痛、肩痛甚效。 本穴在脾經上，主要作用在健脾，脾主四肢，故治四肢痛，又健脾故治糖尿病。,孕婦禁針。,images/圖7-22_四肢穴.jpg,notes/四肢穴.md,18
人皇穴,七七,七七部位,腿外側穴位,圖7-23,在脛骨之內側後緣，距內踝上三寸。；當脛骨之內側後緣，距內踝上三寸處是穴。；當脛骨之內側，在內踝上緣上三 寸。三陰交上一寸。針深五分至寸半。,針深六分至一寸二分。,淋病，陽痿，早洩，遺精，滑精，腰脊椎骨痛，脖子痛，頭暈，手麻，糖尿病，小便出血，腎臟炎，腎虧之腰痛,咽喉病、梅核氣、目視不明、舌 根痛。,孕婦禁針。,images/圖7-23_人皇穴.jpg,notes/人皇穴.md,18
側三里穴,七七,七七部位,腿外側穴位,圖7-24,在四花上穴向外橫開一寸五分。；當腓骨前緣，即四花上穴向外橫開一寸五分處是穴。；在四花上穴向外橫開一寸五分， 與足三里穴平行。,針深五分至一寸深。,牙痛，面部麻痺,偏頭痛、三叉神經痛、手腕扭傷疼 痛、腕管綜合徵、腳跟痛不能著地。,,images/圖7-24_側三里穴.jpg,notes/側三里穴.md,82
側下三里穴,七七,七七部位,腿外側穴位,圖7-25,在側三里穴直下二寸。；在腓骨前緣，即側三里穴直下二寸處 是穴。；在側三里穴直下二寸，故名側下 三里。 圖 7-25 側下三里穴,針深五分至一寸。 運用：側三里穴與側下三里穴同時取用，但單 足取穴：治左取右穴；治右取左穴。,同側三里穴,三叉神經痛、手腕扭傷疼痛、腕管綜合徵、腳跟痛不能著地。 183,,images/圖7-25_側下三里穴.jpg,notes/側下三里穴.md,183
足千金穴,七七,七七部位,腿外側穴位,圖7-26,在側下三里穴外（後）開五分，再直下二寸。；當腓骨前緣，即側下三里穴向後橫開 五分再直下二寸處是穴。；基本上此兩穴位於膽經上，外 踝尖上十寸，針深一寸至二寸。,針深五分至一寸。,急性腸炎，魚骨刺住喉管，肩及背痛，喉嚨生瘡，喉炎(火蛾病），扁桃腺炎，甲狀腺腫,"本穴常與足五金穴同時取用。 與“足五金”同,詳見“五”。![](images/684561c367ae8d7a3c00973ab36b74bf6accca91b6f22d47ec0b285221701b1c.jpg)",,images/圖7-26_足千金穴.jpg,notes/足千金穴.md,185
圖7-26 足千金穴,七七,七七部位,腿外側穴位,,在足千金穴直下二寸。；在腓骨前緣，即足千金穴直下二寸處是穴。；基本上此兩穴位於膽經上，外踝 尖上八寸，針深一寸至二寸。,針深五分至一寸。 運用：足千金與足五金穴通常同時取穴，除治 甲狀腺炎可雙足取針下針外，其他各症均單足取穴 下針。,,梅核氣，治療肩臂不能左右活動，尤 其特效。,,,notes/圖7-26足千金穴.md,185
七虎穴,七七,七七部位,腿外側穴位,圖7-28,在外踝後一寸半之直線上。；在外踝後一寸半之直線上取穴：當外踝尖直後一寸半之上二寸一穴， 又上二寸一穴，再上二寸一穴，共三穴。；在外踝後一寸半之直線上。即 在膀胱經上。,針深五分至八分。,肩骨痛，鎖骨炎，胸骨痛及腫脹，肋膜炎,本穴在太陽經與少陽經之間，可治少陽經之肋膜炎。又足太陽膀胱經與肺通，以下治上，能治肩骨、鎖骨及胸骨病。 踝太極此處對應胸背。,,images/圖7-28_七虎穴.jpg,notes/七虎穴.md,185
外三關穴,七七,七七部位,腿外側穴位,圖7-29,在外踝尖與膝蓋外側高骨之直線上。；當外踝尖與膝蓋外側高骨連線之 中點一穴，中點與該高骨之中點又一穴，中點 與外踝之中點又一穴。共三穴。；當外踝尖與膝蓋外側高骨 連線之中點一穴，中點與該高骨之中點又一 穴，中點與外踝之中點又一穴。共三穴。 186 圖7-29 外三關穴,針深一寸至一寸半。,肩桃腺炎，瘤，癌，喉炎，腮腺炎，肩臂痛，各種瘤,手紅腫、手臂腫脹發熱，肘痛（中穴主），三叉神經痛。肩臂痛 及肩不能左右舉抬，肘痛（中穴主）。對於青春痘療效亦佳。,,images/圖7-29_外三關穴.jpg,notes/外三關穴.md,187
光明穴,七七,七七部位,腿外側穴位,圖7-30,在內踝尖直後一寸之上二寸處。；當內踝尖之直後一寸又直上二寸處是穴。；內踝尖之直後一寸，當是踝骨骨緣， 又直上二寸處是穴。一般認應是交信，據《金鑑》 說：“復溜從照海行足內踝後，除踝上二寸許前旁骨陷 中。“《大成》說：“足內踝上二寸，筋骨陷中，前旁骨是 復溜。”則此穴當是復溜。 圖7-30 光明穴 體表定位在脛骨內側緣與跟腱之間中點，太溪穴上二寸。,針深五分至一寸。,眼散光及眼障，眼皮睜閉無力,雙手或雙腳指（趾）端麻木、小便不利、有汗及無汗、閃腰岔氣、腎 虧腰痛。 187,,images/圖7-30_光明穴.jpg,notes/光明穴.md,187
博球穴,七七,七七部位,腿外側穴位,,在正士穴上二寸五分。；針法：針一寸至二寸，以針尖抵骨效力最佳。；運用：與四花中穴配用，主治霍亂轉筋及腎虧。,,腿轉筋，霍亂，腰痠背痛，鼻出血,【維傑新用】月經痛，各種跌打損傷，均可先針阿是，再針 本穴位居膀胱經所行，能治腰痠背痛，腰連背痛尤有卓效。與正士互相倒馬治療背痛（尤其是膏育穴附近痛）或腰背痛效果極佳。如病況較重或病程較久，則於此穴周圍點刺出血效果更佳，久年痼疾往往愈於俄頃。 本穴因鄰近承山穴，治療腿抽筋亦極有效。與承山倒馬並用，療效更佳。此處（小腿肚）為塊狀之肉，主筋。本穴在筋下，以筋治筋，本穴有舒筋活絡，調理臟腑功能，同承山一…,,images/noref_博球穴.jpg,notes/博球穴.md,
四花穴,七七,七七部位,腿外側穴位,,在四花中穴向裡橫開一寸二分，當脛骨之外緣。；針法：針深一寸五分至二寸。,,腸胃病，心臟病，心跳，轉筋霍亂（嘔吐），心臟麻痺,"【維傑新用】退化性膝關節炎(膝關節骨刺)。 本穴取穴要注意由四花中穴向裡橫開兩寸，否則就針在骨頭上，不可能進針。 四花裡點刺出血治上述病變,效果更佳。但宜避開骨頭，離骨頭稍遠。",注意由四花中穴向裡橫開兩寸，否則就針在骨頭上，不可能進針,,notes/四花穴.md,
足五金穴,七七,七七部位,腿外側穴位,,在足千金穴直下二寸。；針法：針深五分至一寸。；運用：足千金與足五金穴通常同時取穴，除治甲狀腺炎可雙足取針下針外，其他各症均單足取穴下針。,,同足千金穴,【維傑新用】梅核氣，治療肩臂不能左右活動，尤其特效。 足千金與足五金合用，以治療喉部病變[魚骨刺住喉管、喉嚨生瘡、喉炎（火蛾病）、扁桃體炎、甲狀腺腫]為主，除外還可治急性腸炎、梅核氣。 穴名為“金”，與肺、大腸有關，位置在經穴範圍，亦與金有關。可治肺系喉部之病、腸炎，以及肩背痛。,,images/noref_足五金穴.jpg,notes/足五金穴.md,
通關穴,八八,八八部位,腿內側穴位,圖8-3,在大腿正中線之股骨上，距膝蓋橫紋上五寸。；當大腿正中線之股骨上，距膝蓋橫紋上五寸處是穴。；在大腿正中線，從膝蓋上緣起 算五寸。,針深三分至五分。,心臟病，心包絡（心口）痛，心兩側痛，心臟性之風溼病，頭暈，眼花，心跳，胃病，四肢痛，腦貧血,通關、通山並用，善治乳部病變， 如乳部纖維增生等。,,images/圖8-3_通關穴.jpg,notes/通關穴.md,103
通山穴,八八,八八部位,腿內側穴位,圖8-4,在通關穴直上二寸。；當大腿正中線之股骨上，距通關穴上二寸處是穴。；在大腿正中線，從膝蓋上緣起 算七寸。,針深五分至八分。,同通關穴,通關、通山、通天三穴為治療心臟病及血液迴圈要穴，通關、通山夾胃經伏兔穴，伏兔穴為脈絡之會（見《針灸大成》），經絡（均隸屬胃經)相同，部位毗鄰，因此效果近似。 通關、通山並用，善治乳部病變，如乳部纖維增生等。胃經循經經過乳部，胃經多血多氣，且兩穴夾伏兔脈絡之會，善治心臟，亦善治胸乳部病變，效同炙甘草湯。![](images/f733881f1f63f11be4b26c1f4f28947e377ce9…,,images/圖8-4_通山穴.jpg,notes/通山穴.md,103
通天穴,八八,八八部位,腿內側穴位,圖8-5,在通關穴直上四寸。；當大腿正中線之股骨上，距通關穴直 上四寸處是穴。；在大腿正中線，從膝蓋上緣起算九寸。,針深五分至一寸。,同通關穴,①下肢浮腫；②胃病；③妊娠嘔吐；④手指痛、丹毒、腿風溼無力。 通天穴單用治膝蓋痛。,通關、通山、通天三穴不能雙足六穴 同時下針，僅能各取一穴至二穴下針，高血壓者 雙足只許各取一穴。,images/圖8-5_通天穴.jpg,notes/通天穴.md,194
姐妹一穴,八八,八八部位,腿內側穴位,圖8-6,在通山穴向內橫開一寸後向上一寸。；當通山穴向內側橫開一寸再直上一 寸處是穴。；在通山穴向內橫開一寸後向 上一寸。在通腎穴直線上，在通背穴穴上四寸。 圖8-6 姐妹一穴 195,針一寸至二寸半。,,尚能治赤白帶。,,images/圖8-6_姐妹一穴.jpg,notes/姐妹一穴.md,195
姐妹二穴,八八,八八部位,腿內側穴位,圖8-7,在姐妹一穴直上二寸半。；當姐妹一穴直上二寸半處是穴。；在姐妹一穴（通山穴向內橫開 一寸後，向上一寸）直上二寸半。通腎穴直線上。,針一寸半至二寸半。,同姐妹一穴,尚能治赤白帶。,,images/圖8-7_姐妹二穴.jpg,notes/姐妹二穴.md,196
姐妹三穴,八八,八八部位,腿內側穴位,圖8-8,在姐妹二穴直上二寸半。；在姐妹二穴直上二寸半處是穴。；在姐妹二穴直上二寸半。通 腎穴直線上。,針深一寸半至二寸半。 196 運用：姐妹一、二、三穴兩腿六穴通常同時 取穴下針。,同姐妹一穴,尚能治赤白帶、腸痛、胃出血。,,images/圖8-8_姐妹三穴.jpg,notes/姐妹三穴.md,196
感冒一穴,八八,八八部位,腿內側穴位,圖8-9,在姐妹二穴向裡橫開一寸。；當姐妹二穴向裡橫開一寸處是穴。；在姐妹二穴向裡橫開一寸。即膝內緣上十寸半（通背穴上六 寸半），往內一寸。,針深八分至寸半。,重感冒，發高燒，發冷，感冒頭痛,,,images/圖8-9_感冒一穴.jpg,notes/感冒一穴.md,199
感冒二穴,八八,八八部位,腿內側穴位,圖8-10,在姐妹三穴向裡橫開一寸。；當姐妹三穴向裡橫開一寸，亦即感冒 一穴直上二寸半處是穴。；在姐妹三穴向裡橫開一寸。 即感冒一穴直上二寸半處是穴。,針深八分至寸半。 運用：感冒一、感冒二穴同時取穴，針向腿 中心斜刺。,重感冒，發高燒，發冷，感冒頭痛,感冒穴對感冒確能收到減輕症狀之效，當年嘗見老師經常取用（由於三十多年前皆系隔衣進針，當時並無不便）。穴在大腿上部對應上焦肺。且肉多走陽分、走表分，故善治感冒。但位於大腿上部，取穴略有不便。 近二十年來餘皆以三叉三穴配大白或土水中穴治療，療效極佳，不遜於感冒一二穴，且取穴方便。![](images/c254193b38bf90d85d8b81dfe874b5772062e0481d508996acb…,,images/圖8-10_感冒二穴.jpg,notes/感冒二穴.md,199
通腎穴,八八,八八部位,腿內側穴位,圖8-11,在膝蓋內側上緣。；當膝蓋內側上緣之陷處是穴。；在膝蓋內側上緣。基本在脾 經上。,針深三分至五分。,陽痿，早洩，淋病，腎臟炎，糖尿病，腎虧之頭暈腰痛，腎臟性之風溼病，子宮痛，婦科赤白帶下,口乾、喉痛、喉瘤。,,images/圖8-11_通腎穴.jpg,notes/通腎穴.md,199
通胃穴,八八,八八部位,腿內側穴位,圖8-12,在通腎穴上二寸。；在膝蓋內側上緣之上二寸，即通腎穴 之上二寸處是穴。；在膝蓋內側上緣之上二寸，即 通腎穴之上二寸處，基本在脾經上。,針深五分至一寸。,同通腎穴，又治背痛,這裡的背痛應是胃痛。 原理及發揮見通背穴。![](images/fedad3958936ce4d63aa12311e071f9b070dee6ea346056c1cd9007195908eec.jpg),,images/圖8-12_通胃穴.jpg,notes/通胃穴.md,200
通背穴,八八,八八部位,腿內側穴位,圖8-13,在通腎穴之上四寸。；在通腎穴直上四寸，即通胃穴直上二寸處是穴。；在通腎穴直上四寸，即通胃穴 直上二寸處是穴。,針深五分至一寸。 運用：通腎、通胃、通背三穴可任取二穴（兩腿四穴）配針，禁忌三穴同時下 針。通腎、通胃、通背三穴可任取一穴為治療其他各症之補針。通腎、通胃、通背 三穴可任取一穴為治療婦人流產之補針，連續治療半月即無流產之虞。,同通腎穴，又治背痛,①通腎、通胃、通背三穴配合應 用治臉浮腫、全身浮腫、四肢浮腫、腳背紅腫。 三穴治水腫甚效。②三穴治療肩峰痛亦極有 效。③對於尿蛋白亦甚效。,,images/圖8-13_通背穴.jpg,notes/通背穴.md,200
明黃穴,八八,八八部位,腿內側穴位,圖8-14,在大腿內側之正中央。；當大腿內側之中央點是穴。,針深一寸半至二寸半。,肝硬化，肝炎，骨骼脹大，脊椎長芽骨（脊椎骨膜炎），肝機能不夠引起之疲勞，腰痠，眼昏，眼痛，肝痛，消化不良，白血球症（特效）,頸椎骨刺、腰椎骨刺，梅尼埃病 （重症性頭暈）、帕金森病、舞蹈病，治血液病效果 極佳，如白細胞過多、再生障礙性貧血、齒衄、鼻 衄等。,,images/圖8-14_明黃穴.jpg,notes/明黃穴.md,202
天黃穴,八八,八八部位,腿內側穴位,圖8-15,在明黃穴上三寸。；當明黃穴直上三寸處是穴。；在大腿內側之正中央上三寸。,針深一寸五分至二寸五分。 202 圖 8-15 天黃穴,同明黃穴,頸椎骨刺、腰椎骨刺，梅尼埃病（重症性頭暈）、帕金森病、舞蹈 病，治血液病效果極佳，如白細胞過多、再生障礙性貧血、齒衄、鼻衄等。,,images/圖8-15_天黃穴.jpg,notes/天黃穴.md,202
其黃穴,八八,八八部位,腿內側穴位,圖8-16,在明黃穴直下三寸。；當明黃穴直下三寸處是穴。,針深一寸五分至二寸。 運用：天黃、明黃、其黃三穴同時取穴下針主治肝炎、肝硬化、骨骼脹大、肝機 能不夠引起之各症，脾硬化、舌瘡。 203,黃疸病及明黃穴主治各症,頸椎骨刺、腰椎骨刺，梅尼埃病 （重症性頭暈）、帕金森病、舞蹈病，治血液病效果 極佳，如白細胞過多、再生障礙性貧血、齒衄、鼻 衄等。,,images/圖8-16_其黃穴.jpg,notes/其黃穴.md,203
火枝穴,八八,八八部位,腿內側穴位,圖8-17,在其黃穴上一寸半。；當其黃穴直上一寸五分處是穴。；在其黃穴上一寸半，在明黃穴與 其黃穴中間點取穴。,針深一寸五分至二寸。 運用：明黃、火枝、其黃三穴同時下針治黃疸 病、膽炎。,黃疸病，黃疸病之頭暈，眼花及背痛，膽炎,,,images/圖8-17_火枝穴.jpg,notes/火枝穴.md,205
火全穴,八八,八八部位,腿內側穴位,圖8-18,在其黃穴直下一寸五分。,針深一寸五分至二寸。 運用：火全穴配合其黃、火枝穴下針，亦可治黃疸病、膽炎及膽結石止痛。火 全穴單獨取穴治脊椎骨及足跟痛。,,火枝、火全配腎關可治癲癇。,,images/圖8-18_火全穴.jpg,notes/火全穴.md,205
駟馬中穴,八八,八八部位,腿內側穴位,圖8-19,直立、兩手下垂，中指尖所至之處向前橫開三寸。；直立，兩手下垂，中指尖所至之處向前橫開三寸處是穴。；直立，兩手下垂，中指尖所至之處向前橫開三寸。,針深八分至二寸五分。,肋痛，背痛，肺機能不夠之坐骨神經痛及腰痛，肺弱，肺病，胸部被打擊後而引起之胸背痛，肋膜炎，鼻炎，耳聾，耳鳴，耳炎，面部神經麻痺，眼發紅，哮喘，半身不遂，牛皮癬，皮膚病,乳房疼特效，肌萎縮、重聽、甲狀腺腫、眼球突出、雀斑、青春痘，治 下肢扭傷。,,images/圖8-19_駟馬中穴.jpg,notes/駟馬中穴.md,206
駟馬上穴,八八,八八部位,腿內側穴位,圖8-20,在駟馬中穴直上二寸。；當駟馬中穴直上二寸處是穴。；駟馬上穴位於駟馬中穴直上兩寸處。,針深八分至二寸五分。,同駟馬中穴,乳房疼特效，肌萎縮、重聽、甲狀腺腫、眼球突出、雀斑、青春痘，治 207 圖 8-20 駟馬上穴 下肢扭傷。,,images/圖8-20_駟馬上穴.jpg,notes/駟馬上穴.md,207
駟馬下穴,八八,八八部位,腿內側穴位,圖8-21,在駟馬中穴直下二寸處是穴。,針深八分至二寸五分。 運用：治肋痛、背痛、坐骨神經痛單足取上、中、下三穴，其餘各症兩腳六針同 時取之。,同駟馬中穴,乳房疼特效，肌萎縮、重聽、甲狀腺腫、眼球突出、雀斑、青春痘，治 下肢扭傷。 208,,images/圖8-21_駟馬下穴.jpg,notes/駟馬下穴.md,208
下泉穴,八八,八八部位,腿內側穴位,圖8-22,在膝關節外側面正中央直上二寸五分。；在膝關節外側面正中央直上二寸半處是穴。,針深三分至五分。,面部麻痺，面部神經跳，口歪，眼斜,,,images/圖8-22_下泉穴.jpg,notes/下泉穴.md,209
中泉穴,八八,八八部位,腿內側穴位,圖8-23,在下泉穴之直上二寸。；當下泉穴直上二寸處是穴。；在下泉穴之直上二寸。在膝關節外側面正中央直上四寸 五分。 210 • 圖8-23 中泉穴,針深三分至八分。,同下泉穴,,,images/圖8-23_中泉穴.jpg,notes/中泉穴.md,210
上泉穴,八八,八八部位,腿內側穴位,圖8-24,在中泉穴之直上二寸。；當中泉穴直上二寸處是穴。；在中泉穴之直上二寸。膝關節外側面正中央直六點五寸，與七 裡只差0.5寸。,針深五分至一寸。 運用：上泉、中泉、下泉三穴單腳同時取穴下針。治左用右穴；治右用左穴。,同下泉穴,上泉、中泉、下泉三穴合稱三泉穴，位於膽經線上，治顏面神經麻痺及顏面神經震顫有卓效，治耳鳴、重聽亦有效。 三穴皆在膽經上，以祛風為主，主治上述各病皆與風有關。,,images/圖8-24_上泉穴.jpg,notes/上泉穴.md,211
金前下穴,八八,八八部位,腿內側穴位,圖8-25,在膝蓋骨外上角之直上一寸。；在膝蓋骨外側上角之直上一寸處 是穴。,針深三分至五分。,,,,images/圖8-25_金前下穴.jpg,notes/金前下穴.md,213
金前上穴,八八,八八部位,腿內側穴位,圖8-26,在金前下穴直上一寸半。；在膝蓋骨外側上角上二寸五分處是穴。；在金前下穴直上一寸半。在 膝蓋骨外側上角上二寸五分處是穴。,針深五分至一寸。 運用：金前上下兩穴雙腳同時配穴下針。,同金前下穴,這裡提到的羊角風就是癲癇，另外胸骨外突就是雞胸。 穴名金，與肺有關，能治肺病。在膝上一寸之筋旁，筋亦與肝應，故治肝風之病。,,images/圖8-26_金前上穴.jpg,notes/金前上穴.md,213
中九里穴,八八,八八部位,腿內側穴位,圖8-27,在大腿外側中央線之中點。；當大腿外側中央線之中點 是穴。；當大腿外側中央線之中 點是穴。一般以直立，中指尖所到之處 是穴。,針深一寸至二寸。,,對人體側面之耳神經痛、 圖 8-27 中九里穴 口歪眼斜、太陽穴痛、偏頭痛、三叉神經痛等皆有療效。對於身體側面（尤其是 膽經）各種病變尤為特效。尚能治耳鳴及風疹瘙癢，亦極有效。亦為治失眠之 要穴。,,images/圖8-27_中九里穴.jpg,notes/中九里穴.md,213
內通關穴,八八,八八部位,腿內側穴位,圖8-31,在通關穴向內橫開五分。；當通關穴向內橫開五分處是穴。；在通關穴向大腿內側橫開五 分，是穴。,針深三分至五分。,半身不遂，四肢無力，四肢神經麻痺，心臟衰弱，中風不語，腰痛，手不能舉,,,images/圖8-31_內通關穴.jpg,notes/內通關穴.md,217
內通山穴,八八,八八部位,腿內側穴位,圖8-32,在通山穴向內橫開五分。；當通山穴向內橫開五分處是穴。；在通山穴向大腿內側橫開五 分，是穴。,針深五分至八分。,,,,images/圖8-32_內通山穴.jpg,notes/內通山穴.md,220
內通天穴,八八,八八部位,腿內側穴位,圖8-33,在通天穴向內橫開五分。；當通天穴向內橫開五分處是穴。；在通天穴向大腿內側橫開五 分，是穴。,針深五分至二寸。 注意事項：見通關、通山、通天穴各條。,同內通關穴,,,images/圖8-33_內通天穴.jpg,notes/內通天穴.md,220
失音穴,八八,八八部位,腿內側穴位,圖8-34,在膝蓋內側之中央點及其下二寸。；當膝蓋內側之中央點一穴，其下二寸處一穴，共二穴。；在膝蓋內側之中央點及其下二 寸。當膝蓋內側之中央點一穴，其下二寸處一 穴，共二穴。,針深三分至五分。,嗓子啞，失音，喉炎,治療扁桃體炎、甲狀腺腫大、喉嚨 腫痛亦有療效。,,images/圖8-34_失音穴.jpg,notes/失音穴.md,220
姐妹穴,八八,八八部位,腿內側穴位,,在通山穴向內橫開一寸後向上一寸。；針法：針一寸至二寸半。,,子宮瘤，子宮炎，月經不調，經期不定，子宮癢，腸痛，胃出血,【維傑新用】尚能治赤白帶。,,,notes/姐妹穴.md,
全穴,八八,八八部位,腿內側穴位,,在其黃穴直下一寸五分。；針法：針深一寸五分至二寸。；運用：火全穴配合其黃、火枝穴下針，亦可治黃疸病、膽炎及膽結石止痛。火全穴單獨取穴治脊椎骨及足跟痛。,,同火枝穴，並治脊椎骨痛及足跟痛,【維傑新用】火枝、火全配腎關可治癲癇。 火全、其黃、火枝三穴治上述各病確有特效，有時為了取穴方便，目前治膽囊病變常多以面部之木枝穴取代。或以外側對應之九里、七里穴代替，餘則常用下白穴配合木枝穴或陽陵泉下的膽囊穴。 火全、火枝在其黃上下，亦在肝經上，屬肝之分支，肝膽表裡相屬，治膽病有效。,,,notes/全穴.md,
前下穴,八八,八八部位,腿內側穴位,,在膝蓋骨外上角之直上一寸。；針法：針深三分至五分。,,胸骨外鼓，肺弱，羊角風，頭痛，肝弱，皮膚敏感,,,,notes/前下穴.md,
中九穴,八八,八八部位,腿內側穴位,,在大腿外側中央線之中點。；針法：針深一寸至二寸。,,背痛，腰痛，腰脊椎骨痛，半身不遂，神經麻痺，脖頸痛，頭暈，眼脹，手麻，臂麻，腿痛，神經無力,【維傑新用】對人體側面之耳神經痛、 本穴與膽經之風市穴位置相符，為極常用之鎮痛及鎮定要穴（疏風作用極強)。 本穴除上述治證外，對耳神經痛、口歪眼斜、太陽穴痛、偏頭痛、三叉神經痛等亦有療效。本穴之主治極多，對於身體側面（尤其是膽經)各種病變尤為特效；應用時可配合七里穴（即膽經中瀆穴）倒馬，效果更佳。,,,notes/中九穴.md,
解穴,八八,八八部位,腿內側穴位,,在膝蓋骨外側上角直上一寸，向前橫開三分。；針法：針深三分至五分。；運用：下針後將針緩緩轉動，病痛解除即取針；留針時間以八分鐘為限。如患者暈針不省人事，即將其口張開，以扁針、筷子、湯匙或手指按其舌根，稍用力重壓三下，見其欲嘔吐時，以涼水洗其頭，並以溼毛巾覆蓋其頭部，令飲涼開水半杯即蘇；受刑休克者亦可用此法解之。如患霍亂引起休克，可用涼水洗頭，使其恢復知覺，然後用針藥治之。,,扎針後氣血錯亂，血不歸經，下針處起包，疼痛，或是西醫注射後引起之疼痛，跌打損傷，精神刺激而引起之疼痛，疲勞過度之疼痛,"【維傑新用】解穴治療新發初患之各種疼痛，療效極佳，尤其是各種新得之扭傷，尤具卓效。 解穴治療上述各證確有特效,留針時間並不以八分鐘為限。 本穴在胃經郄穴梁丘旁下，調理氣血作用甚強，因此能解暈針、滯針、彎針，解氣血錯亂，解新急之痛。效理同梁丘類近。![](images/1874cfdf0d42856156d6a4511132ee8c73a546f7205c045c99183d60fb8a71b1.j…",,images/noref_解穴.jpg,notes/解穴.md,
內通穴,八八,八八部位,腿內側穴位,,在通山穴向內橫開五分。；針法：針深五分至八分。,,同內通關穴,,,,notes/內通穴.md,
耳環穴,九九,九九部位,耳朵穴位,圖9-2,在耳垂表面之中央。；當耳垂表面之中央點 是穴。；在耳垂表面之中 央，正當耳垂掛耳環之處。,用細毫針由外向裡（向面 部）斜刺一分至二分半（皮下針）。,解酒，止嘔吐,本穴相當於耳穴眼點，眼與肝應，強肝而能解酒。解酒之理與火包穴類近。 治酒醉配合素髎穴同用，效果更佳。,,images/圖9-2_耳環穴.jpg,notes/耳環穴.md,22
木耳穴,九九,九九部位,耳朵穴位,圖9-3,在耳後上半部橫血管之下約三分。；當耳後上半部橫血管之下約三分處是穴。；在耳背耳甲軟骨上。,用細毫針豎刺一分至二分。,肝痛，肝硬化，肝腫大，肝衰弱引起之疲勞，久年淋病（需長期針治）,本穴在耳背耳甲軟骨上，反面之範圍為肝區、肝炎區、肝硬化區，故能治療肝痛、肝硬化、肝腫大、肝衰弱引起之疲勞。 本穴還可治療淋病，淋病等泌尿系統病常用肝經的行間穴治療，此與肝經繞陰部一週有關。![](images/c95ef4345bc196131b99ca317a5888a858366bf088d4ef2df032862c0c177244.jpg)<details><summary>natural_…,,images/圖9-3_木耳穴.jpg,notes/木耳穴.md,222
火耳穴,九九,九九部位,耳朵穴位,圖9-4,在對耳輪之外緣中部。 主治；心臟衰弱及膝蓋痛、四肢痛。 222 圖9-4 火耳穴；在對耳輪之外緣中部取之。；位於耳輪雙腳之彙集處，有耳甲軟骨。,用細毫針豎刺一至二分。,,火耳穴相當於耳針之膝點，但治療範圍更為泛。 此一範圍鄰近神門區，又董師認為能治膝痛者，即能治心，此穴故稱之火耳。,,images/圖9-4_火耳穴.jpg,notes/火耳穴.md,222
士耳穴,九九,九九部位,耳朵穴位,圖9-5,在耳甲腔部之中。；在耳甲腔之中取之。；在耳甲腔部之中， 相當於耳針之脾區。,用細毫針豎刺一至二分。,,,,images/圖9-5_士耳穴.jpg,notes/士耳穴.md,23
金耳穴,九九,九九部位,耳朵穴位,圖9-6,在耳殼背之外緣上端。；在耳殼背之外緣上端取之。,用細毫針豎刺一至二分。,肺衰弱之坐骨神經痛，腰脊椎骨彎曲，過敏性感冒,金耳穴相當於耳針之肺區。 本穴相當於耳針之肺區，故治感冒。膀胱經自頭頂下於耳上緣，故能治腰痛、脊椎痛、坐骨神經痛。![](images/8bdfd1b01cc9d434ba9313b9b8a81b9622033435fe9ce7968a45f3b8829c92ed.jpg),,images/圖9-6_金耳穴.jpg,notes/金耳穴.md,224
水耳穴,九九,九九部位,耳朵穴位,圖9-7,在對耳輪之外緣下端。；在對耳輪之外緣下端取之。；在對耳輪之外緣下 端，亦即耳垂之上外緣。,用細毫針豎刺一至二分。,腎虧，腰部兩邊痛，腹部發脹,穴同耳穴之腎炎點，能治與腎有關之病。![](images/76b988f4dc3ab024eea1b5047260f1a4a5d142ee60bab0ebade1d2d0757a3030.jpg)<details><summary>natural_image</summary>Close-up of a human ear with visible redness and a small blac…,,images/圖9-7_水耳穴.jpg,notes/水耳穴.md,225
。耳背穴,九九,九九部位,耳朵穴位,圖9-8,在木耳穴之上約三分處血管中取之。；在耳尖下的耳背處。,以三稜針扎出血。,,治皮膚病、青春痘、面部黃褐斑、 偏頭痛、張口不靈、扁桃體炎、結膜炎極有效。,,images/圖9-8_。耳背穴.jpg,notes/。耳背穴.md,226
土耳穴,九九,九九部位,耳朵穴位,,在耳甲腔部之中。；針法：用細毫針豎刺一至二分。,,神經衰弱，紅血球過多，發高燒，糖尿病,土耳穴相當於耳針之脾區。 穴同耳穴之脾區，能治與脾相關之病。如神經衰弱、紅細胞過多、發高燒、糖尿病等。![](images/fdee815f0291ee3ff6372494af3405509674b4fe1c9ac25cfef2f7cb9f8e1b52.jpg),,,notes/土耳穴.md,
耳背穴,九九,九九部位,耳朵穴位,,在耳輪之外緣。；針法：以三稜針扎出血。,,喉炎，喉蛾,【維傑新用】治皮膚病、青春痘、面部黃褐斑、偏頭痛、張口不靈、扁桃體炎、結膜炎極有效。 耳背穴相當於耳針之上耳背處。 本點為點刺要穴，老師僅用以治療喉炎、喉蛾。治療喉炎、喉蛾，系本穴部位偏上，全息對應肺，又膀胱經行至耳尖、耳背處，膀胱與肺通。,,,notes/耳背穴.md,
正會穴,十十,十十部位,頭面部穴位,圖10-5,在頭頂之正中央。；正坐，以細繩豎放頭頂中 行，前垂鼻尖，後垂頸骨正中，另以一 繩橫放頭頂，左右各垂耳尖，此兩繩在 頭頂之交叉點是穴。；即百會穴，在頭頂之 正中央。正坐，以細繩豎放頭頂中行，前垂鼻尖，後垂頸骨正中，另以一繩橫放頭 項，左右各垂耳尖，此兩繩在頭頂之交叉點是穴。,針深一分至三分。,四肢顫抖，各種風症，身體虛弱，小兒驚風，眼斜嘴歪，半身不遂，神經失靈，中風不語,回陽固脫、平肝息風，能治療昏厥、休克、精神分裂症、癲癇發作、 舞蹈病、大腦發育不良、神經衰弱、癔病、心悸、怔忡、失眠、健忘、脫肛、久洩、崩漏 下血、月經過多、子宮下垂、胃下垂、小 尿床、足底痛、頭痛、眩暈及高血壓。,,images/圖10-5_正會穴.jpg,notes/正會穴.md,233
州圓穴,十十,十十部位,頭面部穴位,圖10-6,在正會穴旁開一寸三分。；當正會穴向右及左旁開一寸三分處是穴（左右各一穴）。；當正會穴向右及左 旁開一寸三分處是穴（左右各一穴）。,針深一分至三分。 234,半身不遂，四肢無力，虛弱，氣喘，肺機能不夠引起之坐骨神經痛及背痛，神經失靈,本穴在正會穴旁邊，旁開一寸三分與一寸五分處取穴差別不大，屬區位取穴。 原理：見“州侖”穴之解說。,,images/圖10-6_州圓穴.jpg,notes/州圓穴.md,234
州昆穴,十十,十十部位,頭面部穴位,圖10-7,在州圓穴直後一寸五分。；當州圓穴直後一寸五分處 是穴。；在州圓穴直後一寸五分。 維傑新州昆穴：本穴當州圓穴直後一寸五分處是穴，同於膀胱經之絡卻穴。,一分至三分深。,半身不遂，四肢無力，虛弱，氣喘，肺機能不夠引起之坐骨神經痛及背痛，神經失靈,本穴位置與膀胱經之絡卻相符。 原理：見“州侖”穴之解說。![](images/7fe6785ec5013f163997a51cb8d996f11e2fa9352628ba0b19b5c5e090ec148e.jpg),,images/圖10-7_州昆穴.jpg,notes/州昆穴.md,235
州侖穴,十十,十十部位,頭面部穴位,圖10-8,在州圓穴直前一寸五分。；當州圓穴直前一寸五分處 是穴。；當州圓穴直前一寸 圖10-8 州侖穴 五分處是穴。 維傑新州侖穴：定位於膀胱經，州圓穴與通天穴位相符，則本穴位置與膀胱 經之承光穴相符。,針深一分至三分。 運用：左腦生瘤取右穴；右取 左穴。,腦瘤及州圓穴主治各症,,,images/圖10-8_州侖穴.jpg,notes/州侖穴.md,236
前會穴,十十,十十部位,頭面部穴位,圖10-9,在正會穴前一寸五分。；當正會穴直前一寸五分處 是穴。；當正會穴直前一寸 五分處是穴。與督脈之前頂穴相符。,針深一分至三分。 運用：本穴對不省人事之病患有 使其復甦之效。,頭昏，眼花，腦脹，神經衰弱,,,images/圖10-9_前會穴.jpg,notes/前會穴.md,237
後會穴,十十,十十部位,頭面部穴位,圖10-10,在正會穴直後一寸六分。；當正會穴直後一寸六分處是穴。；實際取穴在正會穴直後 一寸五分。與督脈之後頂穴位置相符。,針深一分至三分。,骨結核，頭痛（輕度），頭暈，脊椎骨痛（對第十九至廿一椎最有效），腦充血，中風不語，半身不遂，神經麻痺,,,images/圖10-10_後會穴.jpg,notes/後會穴.md,237
總樞穴,十十,十十部位,頭面部穴位,圖10-11,在頭部入髮際八分。；當頭部入髮際八分處是穴。；在頭部人髮際八分。,針深一分至二分，用三稜針最 有效，尤其小兒。,嘔吐，六不安，項痛，心臟衰弱，霍亂，發言無聲,以維傑新總樞穴為主，可治療梅尼埃病、中風後吞嚥困難、中風後 腿腳無力，皆甚效，以點刺為準。 解說與發揮： 1.本穴人髮際八分，介於督脈之風府穴與啞門之間。一說即督脈之風府 穴。但 風府據書載，則系人髮際一寸，在此處二分之差別意義不大，餘則在風 府、啞門中間取穴。 2. 治療上述各症以三稜針點刺確有特效。以廿六號針施治效果亦佳，唯不 宜刺人太深。餘則以驗血糖之採血片刺血，既簡單又安全，而且有效。 3…,對本穴，一般針深禁止超過三 分，但失音者可針深至三分，使其發音恢 復正常。用三稜針出血時，應用手將本 穴之肌肉捏起，而後刺之。,images/圖10-11_總樞穴.jpg,notes/總樞穴.md,238
鎮靜穴,十十,十十部位,頭面部穴位,圖10-12,在兩眉頭之間正中之上三分。；當兩眉頭之間正中之上三分處是穴。；在兩眉頭之間正中之上 三分。皮下橫針由上往下扎三分。 維傑新鎮靜穴：當兩眉頭之間正中， 針刺時從兩眉頭間稍上橫針穿過鎮靜穴。,針深一分至二分，由上往下扎（即皮下針）。 運用：本穴應與正會穴配針，才有療效。,神經錯亂，四肢發抖，兩腿痠軟，四肢神經麻痺，失眠，小兒夢驚,亦能治胸滿煩驚、睡臥 不安。,,images/圖10-12_鎮靜穴.jpg,notes/鎮靜穴.md,240
上裡穴,十十,十十部位,頭面部穴位,圖10-13,在眉頭上二分。；當眉頭之上二分處是穴。；當眉頭之上二分處是穴。 維傑新上裡穴：正當眉頭上，與攢竹穴相符，針刺時皮下橫針，從眉頭之上二 分處向下針。 手術：皮下針，針深一分至二分。,皮下針，針深一分至二分。,,亦治呃逆、腰痛。 解說與發揮： 1. 本穴位置原定於眉頭上二分，即 在膀胱經之攢竹穴上二分，餘調整為與膀 胱經之攢竹穴相符，攢竹本即系治頭昏、 頭痛要穴。 2. 亦治呃逆，蓋正象全息位於上中 焦分野線之膈處。 3. 治腰痛甚佳，蓋倒象全息位於中 下焦分野線。 4. 上述疾病以採血片刺之尤佳。,,images/圖10-13_上裡穴.jpg,notes/上裡穴.md,240
四腑二穴,十十,十十部位,頭面部穴位,圖10-14,在眉毛之中央上二分。；當眉中央之直上二分處是穴。；在眉毛之中央稍上。,皮下針，針深一分至二分。,小腹脹，眼昏，頭痛,,,images/圖10-14_四腑二穴.jpg,notes/四腑二穴.md,41
四腑一穴,十十,十十部位,頭面部穴位,圖10-15,在眉尖之上二分。；當眉尖之上二分處取之。；在眉尖之稍上。,皮下針，針深一分至二分。 運用：四腑一、四腑二及上裡三穴用三稜針同扎出血，為治臨時頭痛之特 效針。,,,,images/圖10-15_四腑一穴.jpg,notes/四腑一穴.md,243
正本穴,十十,十十部位,頭面部穴位,圖10-16,鼻端。；仰臥正坐均可，頭稍仰起，於鼻之尖端以手摸之左右各有小軟骨，中有 （242 陷凹處是穴位。；在鼻之尖端以手摸之左 右各有小軟骨，中有陷凹處是穴位。實即 督脈之素膠。取穴時仰臥或正坐，頭稍仰 起，於鼻之尖端中取之。以手摸之左右各 圖10-16 正本穴 有小軟骨，中有凹陷是穴，注意勿刺軟骨。斜刺，針尖從鼻尖端斜向上刺入1~3 分。常有酸脹感，流眼淚。,針深一分至二分。,敏感性鼻炎，妖邪(鬼迷),能治酒醉。點刺能治酒渣鼻、鼻黏膜肥大、鼻塞等。,勿刺傷軟骨。 運用：用三稜針出血最有效。腦力衰 退及肺弱者，可針本穴補之。 說明：本穴即督脈之“素膠”穴。,images/圖10-16_正本穴.jpg,notes/正本穴.md,243
馬金水穴,十十,十十部位,頭面部穴位,圖10-17,在外眼角直下至顴骨之下緣陷凹處。；當外眼角之直下至顴骨下緣一分五陷凹處是穴。；從眼外眥角直下，當顴 骨後下緣之凹陷處。實即小腸經之 顴膠。,針深一分至三分。,,,下針後痛楚立即解除者，表示取穴正確；起針後出血，表示取穴 不準。 243,images/圖10-17_馬金水穴.jpg,notes/馬金水穴.md,243
馬快水穴,十十,十十部位,頭面部穴位,圖10-18,在馬金水穴之直下四分。；在馬金水直下四分，約與鼻下緣齊處是穴。；在馬金水穴之直下四 分或五分，差一分意義不大。,針深一分至三分。,膀胱結石，膀胱炎，小便頻數，腰脊椎骨痛，鼻炎,馬快水在馬金水略下，治療部位亦略下，治膀胱病變效佳。 馬快水位於馬金水下四分，兩穴倒馬並用，治療腎結石及膀胱結石，效果甚佳。![](images/d20fc7a6c557d2ebfe21323a4b6a2c14f548361d18dd52181b4d9d9fba5d3569.jpg),,images/圖10-18_馬快水穴.jpg,notes/馬快水穴.md,245
腑快穴,十十,十十部位,頭面部穴位,圖10-19,與鼻下緣齊平，鼻角外開五分。；與鼻下緣齊平，從鼻角向外橫開五分處是穴。；與鼻下緣齊平，鼻角外 開五分。本穴位置與大腸經之迎香 相符。,針深一分至三分。,,,,images/圖10-19_腑快穴.jpg,notes/腑快穴.md,245
腑快穴,十十,十十部位,頭面部穴位,,在人中（鼻至唇之中央）向外平開一寸四分（約距口角外紋一分五）。；從人中向外平開一寸四分處 是穴。；從人中向外平開一寸 四分處是穴。,針深一分至三分。 運用：與馬快水穴配針治尿道結石。,腹脹，腹疼痛，疝氣,本穴位置與大腸經之迎香相符。為胃、大腸經之交會點，能治腹脹、腹痛。又大腸與肝通，能疏肝理氣而治疝氣。 此穴治鼻病甚效，歷來為治鼻病要穴。,,,notes/腑快穴.md,246
七快穴,十十,十十部位,頭面部穴位,圖10-21,在嘴角外側五分。；當嘴角外開五分處是穴。 運用：右臉麻痺取左穴；左臉麻痺取右穴。；在嘴角外側五分，即胃 經之地倉穴。,,面部麻痺，肺虛弱，尿道結石,本穴尚能治咳嗽、氣喘 等病。,,images/圖10-21_七快穴.jpg,notes/七快穴.md,247
木枝穴,十十,十十部位,頭面部穴位,圖10-22,在馬金水穴向外上方斜開一寸。；從馬金水穴向外上方斜開一 寸處是穴。；在馬金水穴向外上方 斜開一寸。即下關前凹陷。,針深一分至三分。,肝虛，膽虛，膽結石，小兒夜哭,亦能治老人雙腳無力，易摔跌。,,images/圖10-22_木枝穴.jpg,notes/木枝穴.md,250
水通穴,十十,十十部位,頭面部穴位,圖10-23,在嘴角之下四分。；當嘴角直下四分處是穴。；當嘴角直下四分處是 穴。餘慣以嘴角直下五分處取穴，採皮 下針沿皮向上橫刺。,針由內向外斜扎、針深一分至 五分。,腎臟性之風溼病，腎機能不夠之疲勞，頭暈，眼花，腎虛，腎虧，腰痛，閃,咳嗽、氣喘、打嗝（ 膈）、腹部發脹、嘔吐、乾霍亂、老人口水多。 解說及發揮 1.水通，即通於水（腎），治療腎臟病變甚效。又在全息分佈之下焦，治腎腰 病甚效。 2. 本穴為餘治療咳嗽、氣喘最常用之特效針。 水金穴（圖10-24） 部位：在水通穴向裡平開五分。 主治：腎臟性之風溼病、腎機能不夠之疲勞、頭暈、眼花、腎虛、腎 、腰痛、閃 腰、岔氣。 取穴：從水通穴向裡平開五分處是穴。 手術：針由內向外斜扎…,,images/圖10-23_水通穴.jpg,notes/水通穴.md,250
玉火穴,十十,十十部位,頭面部穴位,圖10-25,在眼中央直下之顴骨直下陷處。；當眼中央正下方之顴骨直下陷凹處是穴。；當眼中央正下方之顴 骨直下陷凹處是穴。,針深一分至三分。 250,心經之坐骨神經痛，肩臂痛，四肢痛，膝蓋痛，顴骨痛，腮骨痛,玉火穴所在之處，為小腸經、三焦經交會區。小腸三焦皆屬火。本穴以調血為主，善治血虛、血瘀之病。 治療血虛、血瘀之坐骨神經痛、肩臂痛、四肢痛、膝蓋痛、顴骨痛、腮骨痛有效。![](images/42f102e0ab89c044d271ad9e90db113939709dfca01e23b81f5edef8aede61d6.jpg)<details><summary>natural_image</summ…,,images/圖10-25_玉火穴.jpg,notes/玉火穴.md,250
鼻翼穴,十十,十十部位,頭面部穴位,圖10-26,在鼻翼上端之溝陷中。；當鼻翼中央上端之溝陷中取之。；當鼻之側翼中央上端之半圓弧溝 陷中取之。,針深一分至二分。,眉酸骨痛，頭昏眼花，腎虧之各種神經痛，半身不遂，四肢骨痛，臉面麻痺，舌痛，舌硬，舌緊，偏頭痛，喉痛,消除疲勞，提神醒腦。全身痠痛極 效。坐骨神經痛亦極效。治嗜睡。 現代解剖：鼻尖邊軟骨陷中。血管：有面動脈、靜 脈鼻背支。神經：布有節前神經鼻外支（眼神經分支）。 圖 10-26 鼻翼穴 25,,images/圖10-26_鼻翼穴.jpg,notes/鼻翼穴.md,25
州火穴,十十,十十部位,頭面部穴位,圖10-27,在耳尖上一寸半。；用手壓耳抵頭，在耳尖上一寸半 處是穴。；此穴在耳尖上一寸半，系 用手壓耳抵頭，在耳尖上一寸半處是穴。,針深一分至三分。,,,,images/圖10-27_州火穴.jpg,notes/州火穴.md,252
州金穴,十十,十十部位,頭面部穴位,圖10-28,在州火穴後一寸。；從州火穴向後一寸處取之。；從州火穴向後一寸處 取之。,針深一至三分。,肺經之腰痛，坐骨神經痛及風溼痛,,,images/圖10-28_州金穴.jpg,notes/州金穴.md,253
州水穴,十十,十十部位,頭面部穴位,圖10-29,在後腦高骨之中央及其上八分。；在後腦高骨之尖端中央一穴，其上八分叉一穴，共二穴。；在後腦高骨之尖端中央一穴，其上八分又一穴，共二穴。,針深一分至三分。,腰部脊椎骨痛，下肢麻痺，神經無力,,,images/圖10-29_州水穴.jpg,notes/州水穴.md,253
上穴,十十,十十部位,頭面部穴位,,在眉頭上二分。；針法：皮下針，針深一分二分。,,眼昏，頭痛,【維傑新用】亦治呃逆、腰痛。,,,notes/上穴.md,
四腑穴,十十,十十部位,頭面部穴位,,在眉尖之上二分。；針法：皮下針，針深一分至二分。；運用：四腑一、四腑二及上裡三穴用三稜針同扎出血，為治臨時頭痛之特效針。,,小腹脹，眼昏，頭痛,,,,notes/四腑穴.md,
馬穴,十十,十十部位,頭面部穴位,,在外眼角直下至顴骨之下緣陷凹處。；針法：針深一分至三分。,,腎結石，閃腰，岔氣(呼吸時感覺痛楚)，腎臟炎，鼻炎,治療上述“腎結石、閃腰、岔氣(呼吸時感覺痛楚)、腎臟炎、鼻炎”各症，確有卓效。 本穴之名為金水，一則先天卦位為坎卦所在，後天卦位為乾卦所在，此穴之金水即與卦位有關。又《靈樞經·五色》指出：顴骨以下至頰部主大腸（眼角直下），由顴向頰部之處主腎（同鼻子下緣平行）。大腸屬金，腎屬水，此亦為金水之名由來。此處為腎之所在。,注意：下針後痛楚立即解除者，表示取穴正確；起針後出血，表示取穴不準,,notes/馬穴.md,
六快穴,十十,十十部位,頭面部穴位,,在人中(鼻至唇之中央)向外平開一寸四分(約距口角外紋一分五)。；針法：針深一分至三分。；運用：與馬快水穴配針治尿道結石。,,尿道結石，尿道炎,本穴從人中向外平開一寸四分或五分，差別不大，餘一般以人中向外平開一寸五分處取穴，整數較易記憶。 本穴治尿道結石、尿道炎。配七快治尿道炎、尿道痛。,,images/noref_六快穴.jpg,notes/六快穴.md,
水金穴,十十,十十部位,頭面部穴位,,"在水通穴向裡平開五分。；針法：針由內向外斜扎、針深一分至五分。；運用：水通、金兩穴均主治腎病,取穴下針時應就發青處針之。",,腎臟性之風溼病，腎機能不夠之疲勞，頭暈，眼花，腎虛，腎虧，腰痛，閃腰，岔氣,【維傑新用】咳嗽、氣喘、打嗝（噎膈）、腹部發脹、嘔吐、乾霍亂、老人口水多、糖尿病消渴。 水通穴位於嘴角下五分，水金穴位置則以水通為準，與嘴唇平行內開五分，一般而言，出現該穴主治病症之際，此二穴附近經常出現烏青，若就發青處針之，效果尤佳。 水金、水通順氣作用極強，舉凡咳嗽、氣喘、打嗝、腹脹、嘔吐、乾霍亂等皆有特效，對於腎虧所致各病，本穴又有補虛之效，為常用要穴之一。![](images/7efab1…,,images/noref_水金穴.jpg,notes/水金穴.md,
州穴,十十,十十部位,頭面部穴位,,在耳尖上一寸半。；針法：針深一分至三分。,,心跳，心臟性之風溼病，四肢無力及腰痛,,,,notes/州穴.md,
分枝上穴,背腰,背腰部位,背腰穴位,圖11-2,在肩胛骨與肱骨連線之叉口下。；在肩峰突起後側直下之腋縫中，當肩胛關節之下一寸處是穴。,針深一寸至一寸五分。,藥物中毒，蛇，蠍，蜈蚣等蟲毒，狐臭，口臭，糖尿病，瘋狗咬傷，小便痛，血淋，性病之淋病，食物中毒，服毒自殺（輕則可治，重則難醫），全身發癢，瓦斯中毒，原子塵中毒,小兒異位性皮炎，食物中毒，藥物性皮炎，放療後遺症。,,images/圖11-2_分枝上穴.jpg,notes/分枝上穴.md,256
分枝下穴,背腰,背腰部位,背腰穴位,圖11-3,在分枝上穴稍向內斜下一寸半。；當分枝上穴之直下一寸半再向內橫開五分處是穴。；當分枝上穴之直下一寸半，再向內橫開五分處是穴。,針深五分至一寸。 運用：本穴通常為分枝上穴之配針。,藥物中毒，蛇，蠍，蜈蚣等蟲毒，狐臭，口臭，糖尿病，瘋狗咬傷，小便痛，血淋，性病之淋病，食物中毒，服毒自殺（輕則可治，重則難醫），全身發癢，瓦斯中毒，原子塵中毒，乳炎,小兒異位性皮炎，藥物性皮炎，放療後遺症。,,images/圖11-3_分枝下穴.jpg,notes/分枝下穴.md,257
七星穴,背腰,背腰部位,背腰穴位,圖11-4,包括在項部入髮際八分之總樞穴，其下一寸之分樞穴，下二寸之時樞 穴，以及向兩旁橫開八分去發一寸之支禹穴，及支禹穴下一寸之土禹穴（共七 258 穴）。；詳上述部位。；總樞穴：在前述十十部位之總樞穴已有說明。分樞在總樞下一 寸，再下一寸為時樞穴。分樞向兩旁橫開八分支禹，時樞向兩旁橫開八分為 土禹。,用三稜針放血，以總樞、分樞、時樞三穴為主，支禹、土禹穴為配針。,嘔吐(五臟不安），感冒頭痛，小兒高燒，小兒各種風症,急性胃炎。,放血時，應用拇指及食指捏起穴位肌肉，然後對準穴位扎針出血，扎小 兒應特別注意，以免上傷腦部總神經，下傷丹田，致耳聾音啞。 圖11-4 七星穴,images/圖11-4_七星穴.jpg,notes/七星穴.md,258
五嶺穴,背腰,背腰部位,背腰穴位,圖11-5,包括五道穴線；第一道穴線從大椎骨下第二節江口穴起，每下一節為 一穴，其順序為火曲、火雲、火長、火明、火校、火門、土月、土洩、直至第十椎下土 克穴為止，共十穴。第二條穴線（左右共兩條）從江口穴向左右平開四指，金北 穴起每下一寸為一穴，其順序為金斗、金吉、金陵、火金、木東、木杜直至木梅穴 止，共八穴。第三條穴線（左右共兩條）從第二條線向外橫開四指，共有金枝、金 精、金神、木原、木太、木菊、木松七穴，每穴間隔約一寸。；詳上述部位。；見本穴解說及發揮第1項。,用三稜針扎出血。,血壓高，重感冒，發高燒，發冷，突然間引起之頭暈，頭痛，高血壓引起之手足麻痺，半身不遂，陰霍亂，陽霍亂，嘔吐及各種痧症，血管硬化之腰痛，肝霍亂，陰陽霍亂，急性胃痛,五嶺穴之排列如下：(1)第一行為脊椎線，自第二椎起，每下一椎一穴，計有十穴。(2)第二行自第二椎旁開三寸起，每下一椎一穴，計有八穴。(3)第三行自第二椎旁開六寸起，每下一椎一穴，計有七穴。![](images/09f42067d8051bb1eaa2ec92da42dd9bbe5dcf0b303ba7f14565fbfaad295be9.jpg)<details><summary>text_ima…,扎針部位應先以酒精棉花擦淨，然後以手指或針柄按壓穴位始可 扎之。,images/圖11-5_五嶺穴.jpg,notes/五嶺穴.md,260
雙風穴,背腰,背腰部位,背腰穴位,圖11-6,從大椎骨以下第二與第三脊椎骨間，向左右橫開一寸五分之火鳳穴 起，每下一寸一穴，其順序為火主、火妙、火巢、火重、火花、火蜜七穴（左右共十 四穴）。；詳上述部位。；位置為自第二椎旁開寸半起，每下一寸一穴，連續七穴（雙側 計十四穴）。,用三稜針出血。 圖 11-6 雙鳳穴 262,,,,images/圖11-6_雙風穴.jpg,notes/雙風穴.md,262
九猴穴,背腰,背腰部位,背腰穴位,圖11-7,包括火鳳、火主、火妙、金堂（金斗上二寸）、金北、金斗、金吉、金枝、金 圖11-7 九猴穴 263；詳上述部位。；本穴之排列共分三行，位置 ： （1）第二椎旁開寸半之火風穴起，每下一寸一穴，計有三穴（含火鳳）。 （2）大椎旁開三寸之金堂穴起每下一寸一穴，計有四穴（含金堂）。 （3）第二椎旁開六寸之金枝及下一寸之金精，計二穴。 總共九穴。,用三稜針出血。 部位：包括火鳳、火主、火妙、金堂（金斗上二寸）、金北、金斗、金吉、金枝、金 圖11-7 九猴穴 263,猴痧,本穴為治療猴痧之要穴，故稱九猴穴，可記憶為“二椎寸半連三穴，一椎旁三連四穴，二椎旁六連二穴”。 此九穴能清肺瀉火，治療猴痧。![](images/d81aada09207d7066d715b7396832f2afcfb502e680706779e41b2e5a1bbb144.jpg),,images/圖11-7_九猴穴.jpg,notes/九猴穴.md,263
三金穴,背腰,背腰部位,背腰穴位,圖11-8,包括金斗、金吉、金陵三穴。；詳上述部位。；金斗、金吉、金陵三穴分別位於第三、四、五椎外開三寸處，相當 於膀胱經之魄戶、膏育、神堂穴。,用三稜針出血。左痛取左穴；右痛取右穴；兩腳痛則雙邊取穴。,膝蓋痛,三金穴點刺出血少許，治療膝關節疼痛，確有立竿見影之效，數年大疾亦往往愈於霍然。 三穴分別與肺(魄戶)、心包(膏育)、心（神堂)有關，能強心治膝。以上![](images/c8363b9493401490b9f507d931fd6885fbd1cf43b8d1047f8b3d6021b760fd75.jpg)<details><summary>text_image</summary>3</detai…,,images/圖11-8_三金穴.jpg,notes/三金穴.md,264
精枝穴,背腰,背腰部位,背腰穴位,圖11-9,包括金精、金枝兩穴。；詳上述部位。；兩穴分別位於第二椎及第三椎旁開六寸處。,用三稜針出血。,小腿發脹，小腿痛,"點刺出血，治療小腿痠脹疼痛，效果極為迅速而突出。![](images/b08e283a48aca7008c25a5392044ce5d31d7a6e619b8cf1eca32c75596b40e5b.jpg)<details><summary>text_image</summary>333</details>圖11-9 精枝穴 此二穴以上治下,合乎古法“瀉絡遠針”。![](images/37ac5…",,images/圖11-9_精枝穴.jpg,notes/精枝穴.md,265
金林穴,背腰,背腰部位,背腰穴位,圖11-10,包括金神、木原、木太三穴。；詳上述部位。；金神、木原、木太三穴分別位於第四、五、六椎外開六寸處，亦即 緊接於精枝穴下。,用三稜針出血。,血管硬化之坐骨神經痛,"點刺治療大腿及坐骨神經痛確有卓效。 三穴點刺出血,合乎古法“瀉絡遠針,以上治下”。穴位緊接於精枝穴下，![](images/6d618d09645dd40c22e4954827036c743878d7ac8f0ccec423c82bb8d0c8796b.jpg)<details><summary>text_image</summary>3333333333333333333333333333333…",,images/圖11-10_金林穴.jpg,notes/金林穴.md,266
頂柱穴,背腰,背腰部位,背腰穴位,圖11-11,包括金吉、金陵、火金、金神、木東、木杜、木梅、木原、木太、木菊、木松 一穴（兩邊共二十二穴）。；詳上述部位。；頂柱穴計有十一穴，兩側合計則為二十二穴，分兩行排列。 1. 第四椎至第九椎，每椎旁開三寸各一穴，計六穴。 2. 第四椎至第八椎，每椎旁開六寸各一穴，計五穴。,用三稜針出血。,血管硬化之腰痛，閃腰，岔氣,頂柱穴計有十一穴，從第四椎起算，可記憶為“四椎旁三連六穴，四椎旁六連五穴”。簡記為“四三六六五，頂柱治腰痛”。 範圍包含金林穴，及三金穴之金吉(膏育)、金陵在內，亦治膝、大腿病痛。從上述諸穴三金、精枝、金林、頂柱，治療自小腿而大腿而腰。亦有全息對應之意。![](images/9f5b29edbf529ab0a439aa02b5db267969e437b9e988e657d7e6b57e99414f…,,images/圖11-11_頂柱穴.jpg,notes/頂柱穴.md,267
後心穴,背腰,背腰部位,背腰穴位,圖11-12,包括大椎骨下第四個脊椎關節處，火雲、火長、火明、火校、火門、土月 六穴，以及脊椎旁開一寸五分之火妙、火巢、火重、火花四穴（兩邊共八穴），與旁 開三寸之金吉、金陵、火金三穴（兩邊共六穴）。；詳上述部位。；後心穴計有十三穴，兩側合計則為廿穴，位置分別為： （1）第一行自第四椎起（含第四椎），每下一椎一穴，計六穴。 （2）第二行自第四椎至第七椎，計四椎，每椎旁開寸半各一穴，共四穴。 （3）第三行自第四椎至第六椎，計三椎，每椎旁開三寸各一穴，共三穴。,治羊毛痧（羊毛疔）時，用三稜針對著紫點（重者現黑點）將毛絲抽出。 治療瘡、心臟衰弱及胃病用三稜針出血（限於四肢及面部之疔瘡）。 268 圖 11-12 後心穴,羊毛痧，療瘡，心臟衰弱，胃病，急性心臟麻痺，風寒入裡，重感冒，中風，各種急性痧症,"本穴組以督脈及旁開半之幾個屬火的穴為主,有強及溫陽調溫作用。屬火之穴亦能補火生土，治胃病。另第三行之金吉（膏肓）、金陵（神堂）亦有強心作用，故治上病。 本穴組以火金兩大類穴組成，所謂“諸痛癢瘡，皆屬於心”,瘡癢屬於心亦 屬於肺，肺主皮膚，本穴治療上述各症確有卓效。",,images/圖11-12_後心穴.jpg,notes/後心穴.md,268
感冒三穴,背腰,背腰部位,背腰穴位,圖11-13,包括安全、金斗（兩邊）三穴。；安全穴在大椎骨下緣陷凹處，金斗穴在大椎之下第五椎旁開四指處。；此處所指之安全應係指督脈之陶道而言，金斗穴即膀胱經之魄 戶穴。,用毫針針入皮下即效。 圖11-13 感冒三穴,重感冒,安全(陶道)在督脈上，督脈統諸陽，陶道有解表退熱之效。金斗(魄戶)在膀胱經，主表，與肺通，亦在後背與肺相應，三穴治感冒甚效。用三稜針點刺效更佳。 老師說用毫針針入皮下即效，皮下針淺刺應肺也，點刺亦屬淺刺。![](images/899a1cbf676cc556af3acf597b0d3d8b926e859634d15616f1cc9c332ec226f3.jpg),,images/圖11-13_感冒三穴.jpg,notes/感冒三穴.md,270
水中穴,背腰,背腰部位,背腰穴位,圖11-14,在第十三椎下旁開一寸五分。；當第十三椎下旁開一寸五分處取之。；在第十三椎下旁開一寸五分處取穴，即膀胱經之三焦俞。 27,針深八分至一寸。 說明：水中穴位置與膀胱經之三焦俞位置相符。 圖 11-14 水中穴,腎虧，腎臟炎，婦科經脈不調，便秘，口渴，腰脊椎骨痛,夜尿症、糖尿病。,,images/圖11-14_水中穴.jpg,notes/水中穴.md,27
水腑穴,背腰,背腰部位,背腰穴位,圖11-15,在第十四椎下旁開一寸五分。；當第十四脊椎下旁開一寸五分處是穴。；當第十四脊椎下旁開一寸五分處是穴。水腑穴位置與膀胱經 之腎俞位置相符。,針深八分至一寸。,脊椎骨痛及彎曲困難，婦女經脈不調，腎虛，腎臟炎，口渴，便秘，腸炎，失眠，陽痿，早洩，頭痛，糖尿，閃腰，岔氣，頭暈眼花，腰痠背痛，急性腎炎，膀胱結石，小便不通，死胎不下,火不生土，脾虛及腎的洩瀉、水腫、腎不納氣之喘咳；痿痺不仁。,,images/圖11-15_水腑穴.jpg,notes/水腑穴.md,272
雙河穴,背腰,背腰部位,背腰穴位,圖11-16,包括第十四椎下之六元、六滿、六道、華巢、環巢、河巢六穴（兩邊共十 273；詳上述部位。；自第十四椎旁開三寸起，每下一椎旁開三寸各一穴，計六穴，兩 側合計十二穴。,用三樓針出血。 部位：包括第十四椎下之六元、六滿、六道、華巢、環巢、河巢六穴（兩邊共十 273,手臂痛，肩背痛,董師以背部刺血治下肢病，以腰臀刺血治上肢病，此亦瀉絡遠針及全息對應之應用。 本穴組能治手臂痛、肩背痛。不必六穴皆取，最主要者為第十七椎旁之華巢為主，肩背部疼痛與小腸經關係最密切，華巢穴在小腸俞旁，與小腸相關，為治療手臂痛、肩背痛要穴。以刺血治療，效果尤佳。刺血時可取華巢為主，然後再取上下一穴，最多三針，有莫失其穴及加強效果之作用。![](images/617553eb2a21a7aa90029d0…,出黑血有效，出紅血無效。 圖 11-16 雙河穴,images/圖11-16_雙河穴.jpg,notes/雙河穴.md,273
三江穴,背腰,背腰部位,背腰穴位,圖11-17,包括第十三椎下之分線穴起，每下一節一穴，其順序水分、水克、水 管、六宗、鳳巢、主巢七穴，及十四椎下旁開四指之六元、六滿、六道、華巢、環巢、 河巢六穴（兩邊共十二穴）。；詳上述部位。；包括第十三椎下之分線穴起，每下一節一穴，共七穴。及十四 椎下旁開四指起，每下一節一穴，共六穴。,用三稜針出血。 圖11-17 三江穴,經閉，子宮炎，腸炎，閃腰，岔氣，急性腸炎,"三江穴包含兩側之雙河穴及中央十三椎下每下一椎一穴之連續七穴，計有三行，故稱為三江穴，除治療上述症狀外,亦含有雙河穴之療效,可記為“十三椎下連七穴，十四旁三連六穴”。 此處所列多為區域性病，但因包括雙河，所以也可治手臂痛、肩背痛。詳見雙河之解說。![](images/2ea080bea7b056d1bee5acdac1f79a8a951e63dff0e84b481fdc212c7565a169.jp…",,images/圖11-17_三江穴.jpg,notes/三江穴.md,275
沖霄穴,背腰,背腰部位,背腰穴位,圖11-18,包括第二十椎下之妙巢穴，二十一椎下之上對穴及上對穴下之一寸之 上高穴，共三穴。；詳上述部位。；包括第二十椎下之妙巢穴，二十一椎下之上對穴及上對穴下之 一寸之上高穴，共三穴。,用三稜針出血。 圖11-18 沖霄穴,小腦痛，小腦發脹，項骨正中脹痛,沖霄穴治療上述各症及後頭痛，確具卓效。 頭骶對應，後會穴可治此處疼痛，此處亦可治後腦病位之病痛。,,images/圖11-18_沖霄穴.jpg,notes/沖霄穴.md,276
雙鳳穴,背腰,背腰部位,背腰穴位,,從大椎骨以下第二與第三脊椎骨間，向左右橫開一寸五分之火鳳穴起，每下一寸一穴，其順序為火主、火妙、火巢、火重、火花、火蜜七穴（左右共十四穴)。；針法：用三稜針出血。,,手痛腳痛，手麻腳麻，手足血管硬化,,,,notes/雙鳳穴.md,
喉蛾九穴,胸腹,胸腹部位,胸腹穴位,圖12-2,在喉結及其上一寸與下一寸五分處，另加該三處各左右旁開一寸五分 處，共九穴。；詳上述部位。；在喉結及其上一寸與下一寸五分處，另加該三處各左右旁開一 寸五分處，共九穴。,用三稜針放血。,喉蛾，喉痛，甲狀腺炎，喉癢，痰塞喉管不出（呼吸困難，狀如哮喘),此穴治療之喉蛾、喉痛、甲狀腺炎、喉癢、痰塞喉管不出（呼吸困難、狀如哮喘），皆為喉部病變，此為區域性取穴治病，系以急症為主，刺血較淺，既效速又![](images/6a6c2907b12e87c3df52089174b9167c6ec04980bcafcd172df786f8c5eeaa19.jpg)<details><summary>text_image</summary> 5,扎針時需將穴部皮肉捏起，以免扎傷筋及軟骨。,images/圖12-2_喉蛾九穴.jpg,notes/喉蛾九穴.md,279
十二猴穴,胸腹,胸腹部位,胸腹穴位,圖12-3,平行鎖骨下一寸三分處共三穴，再下一寸五分處又三穴，兩邊總共十 二穴。；詳上述部位。；平行鎖骨下一寸三分處共三穴，再下一寸五分處又三穴，兩邊 總共十二穴。,用三稜針出血。,猴痧，血管硬化之哮喘，肝霍亂（傷寒，重感冒，霍亂均會引起猴痧）,此亦為少數之區域性取穴治病。 治療猴痧、血管硬化之哮喘、肝霍亂（傷寒、重感冒、霍亂均會引起猴痧），皆系以急症為主，刺血較淺，既效速又安全。![](images/b579b22917a27393a5dacaad43001e63b658728187e79fc8701af89c401575d0.jpg),,images/圖12-3_十二猴穴.jpg,notes/十二猴穴.md,280
金五穴,胸腹,胸腹部位,胸腹穴位,圖12-4,在胸骨上端半月狀之下陷凹處金肝穴，每下一節為一穴，其順序為金 陰、金陽、金轉、金焦共五穴。；詳上述部位。；在胸骨上端半月狀之下陷凹處金肝穴，每下一節為一穴。共 五穴。,用三稜針出血。,,食道病，其他詳見解說及發揮後“按”之說明。,,images/圖12-4_金五穴.jpg,notes/金五穴.md,281
胃毛七穴,胸腹,胸腹部位,胸腹穴位,圖12-5,從岐骨下緣陷凹處起，直下一寸一穴，共三穴。旁開一寸五分各兩穴 （兩邊四穴）。；詳上述部位。；從岐骨下緣陷凹處起，直下一寸一穴，共三穴。旁開一寸五分 各兩穴（兩邊四穴）。,用三稜針出血。治羊毛痧則需抽出毛絲。 圖12-5 胃毛七穴,羊毛痧，胃病，各種霍亂，心悸，胃出血,詳見解說及發揮後“按”之說明。,,images/圖12-5_胃毛七穴.jpg,notes/胃毛七穴.md,282
腑巢二十三穴,胸腹,胸腹部位,胸腹穴位,圖12-6,肚臍直上一寸一穴共二穴，肚臍每下一寸一穴共五穴，肚臍旁開一寸 一穴，其上一穴，其下二穴（共四穴，兩邊共八穴），肚臍旁開兩寸一穴，其上一 穴，其下二穴（共四穴，兩邊共八穴），總共二十三穴。；詳上述部位。；肚臍直上一寸一穴共二穴，肚臍每下一寸一穴共五穴，肚臍旁 開一寸一穴，其上一穴，其下二穴。肚臍旁開兩寸一穴，其上一穴，其下二穴，總 共二十三穴。,用三稜針出血。 圖12-6 腑巢二十三穴,腸炎，子宮炎，腎炎，腎痛，臍痛,四肢疼痛。 284,,images/圖12-6_腑巢二十三穴.jpg,notes/腑巢二十三穴.md,284
手五金穴,增補,維傑增補穴位,增補穴位,圖3-11,在尺骨外側，距豌豆骨六寸五分。；手撫胸取穴，當尺骨外側，距碗豆骨六 寸五分，即火山穴外開五分處是穴。；手撫胸取穴，在手少陽三焦經與手太陽小腸經之間。手掌外 翻，筋下骨前取穴。針深五分至八分。,針深三分至五分。,,,,images/圖3-11_手五金穴.jpg,notes/手五金穴.md,100
次白穴,增補,維傑增補穴位,增補穴位,,在手背第三指與第四指接合處後五分(與中渚穴平行)，握拳取穴。；針法：一寸針，針深三分至五分。,,小腿痠痛及發脹，頭痛，腰背痛,【維傑新用】小腿痠痛及發脹、頭痛、腰背痛。,,images/noref_次白穴.jpg,notes/次白穴.md,
七里穴,增補,維傑增補穴位,增補穴位,,七里穴在膽經中九里（即風市穴)下二寸。即膽經之中瀆穴。；針法：刺法同中九里，針深一寸至二寸。,,背痛，腰痛，腰椎骨刺（腰椎間盤突出），頸椎骨刺（頸椎病)，頸痛，頭暈，手臂麻木，腿痛，腿無力，膽囊炎，脅痛,"【維傑新用】背痛、腰痛、腰椎骨刺（腰椎間盤突出）、頸椎骨刺（頸椎病)、頸痛、頭暈、手臂麻木、腿痛、腿無力、膽囊炎、脅痛。 本穴實為膽經之中瀆穴，善於舒筋活絡， 驅風散寒。治上述各病配中九里效甚佳。 “凡十一髒者取決於膽”,除治上述各病外，常與中九里倒馬並用加強鎮定及治療作用。總治全身各種疼痛。對於人體側面之各種疼痛尤其有效。",,images/noref_七里穴.jpg,notes/七里穴.md,
夜盲穴,增補,維傑增補穴位,增補穴位,,在手掌小指第三节之正中央。,,夜盲,【維傑新用】夜盲。,,images/noref_夜盲穴.jpg,notes/夜盲穴.md,
小節穴,增補,維傑增補穴位,增補穴位,,上白、大白（肺機能）、靈骨（肺機能）、中白（腎臟性）、下白（腎臟性）、腕順一、腕順二。,,踝痛，踝扭傷特效，亦治頸痛，肩痛，背痛，腰痛，坐骨神經痛，胸痛，胃痛，慢性腹瀉，腕肘痛,【維傑新用】踝痛、踝扭傷特效。亦治頸痛、肩痛、背痛、腰痛、坐骨神經痛、胸痛、胃痛、慢性腹瀉、腕肘痛。 小節穴治療腳踝疼痛及扭傷，不論內外踝皆特效，我曾以此穴治癒不少運動員。 其原理首先系基於手腳對應關係。,注意；注意與興趣,images/noref_小節穴.jpg,notes/小節穴.md,
